subject_id,split,clone_fingerprint_sha256
SYN-S-00000001,train,2be7a6f5fe53a9db46b46415e13b168dd7adad5e38ce14247caeac95b398cae2
SYN-S-00000002,train,09496afdd5d862f662dc927ff734a8a7c6e3f3cfce313839d668b429a85349e0
SYN-S-00000003,train,53508d87b03e9e0fbc910ec86c9de71231b280bbf62baa22d411404dc312469a
SYN-S-00000004,train,5e2b1b7898c3d76d054a47911f65fe22e06a71a0c4899f2b36875d279b24b23f
SYN-S-00000005,train,e62db49824663e2f7f680710cc2de14c10195ea6c5a59804b5dbb5bf3093e413
SYN-S-00000006,train,adab962881389fd65094da2389849a23826384466540c9ffe1572794d09a4350
SYN-S-00000007,train,454dce582f35bd43ddc220bbd1006e46433ae060e1b89a37f085a998349c4d85
SYN-S-00000008,train,209f1391eecc6358383f5004be129bef4f4347d8efb31815f50d7409907045d8
SYN-S-00000009,train,42312e139feceb9fe7443d262d543a7dbdc90ca8e102536862d8cfce4c7e6e86
SYN-S-00000010,train,d96668b627c3c8c42eddca8a3b75f54b21f37d8c93795fedf60b1d776ed731cc
SYN-S-00000011,train,0adc67c8131902799a12e33aad70c91fbfae50a69901117248f1868f93a4a633
SYN-S-00000012,train,bce617093e879ea9e45e0e8b34eaf38f771e5be8fda4bd4e1d17114358af39c9
SYN-S-00000013,train,858f2eac4a0d365ed9b0b5623a3893a22a60c8bf237a8d6355f11ee90ff5a4d4
SYN-S-00000014,train,ed6878f3886398d09e64b8c1a6bd99563c75c00a616fa293a937f5389b079b49
SYN-S-00000015,validation,b0ebdc065a942101393ed290ee85c7ce0d656ea8628d129be3ebfc6f9b63d1b6
SYN-S-00000016,train,9f447e2549f2756e6271b946779b3155f1a48a23fa5de5bf706a56b2f4beeabf
SYN-S-00000017,test,5b38485158ac839aa4bca696a516f3270d6fb7a08a2140f8cc2cb9328027aeea
SYN-S-00000018,validation,ee4b7584ba5b4d162b114afe75ef50132d9909115adbc7376f9a8a3787b43dfa
SYN-S-00000019,train,795b74f9e480d14df4995fec7a5497a369f1ab37720254c6f17ef5f21b9eba8b
SYN-S-00000020,train,4502796e6b8650f1e93b1ac7a3446825fc9d5935606add4f23de5b95e39841b1
SYN-S-00000021,train,107dbd2c6c9264a17abe8256ed10227d3d403e6a5ad9c77634a76a4b9e80bf6a
SYN-S-00000022,train,12aaa16d439d52f8ecfcd841e22c7176bb02d3713419bff6e0524c29807a35ec
SYN-S-00000023,train,e5280578e4ba4e29e61076c449dedd593648cf5460c1a8444645dc819d17a4fd
SYN-S-00000024,validation,13458b24e2fe28c5d0eb208f2ff506e83d12df32131b74733be393ff697dad5a
SYN-S-00000025,train,4dc250593580483879c8eba7e179126c00dd3641965e41348f9c3479b8e4c550
SYN-S-00000026,train,c495f02d8105167084ede7134f448d11ea62c6f760a782c68e2a6e9f41f087b8
SYN-S-00000027,train,e7179491021a91d33b30e3a0b7eb77db9d3bf8cdb708e7d642bab44a006f16b1
SYN-S-00000028,train,7779d7f8fcc0ed1ec70b9b127e30ee77d1d2e4f46ca37c8ea8b1f4903c7f9429
SYN-S-00000029,train,caf64c1d83e9911625545e709939af4e42da355cee34ef5bdf5642ada65a4f50
SYN-S-00000030,train,1cdf9f9c8146ce5343c6d72520a39f0f89b6284fa15eb269b873aeececaf2a67
SYN-S-00000031,train,039bda58da08ff0e85ac97b130d2113bcb607aa5b5a040275de8b39abd773cbf
SYN-S-00000032,train,e5931b7b4dfc70c69642f1d30b33ff82356873d7f5a6a838d83c85c56f8a4a2c
SYN-S-00000033,validation,e502cd96628cc53a0056792d938822fdb4555cae0a385df347d340b709add05e
SYN-S-00000034,train,2b9529e2097a1748941eae85306675a09eec5632fc4a380d5b24a2fb41228d14
SYN-S-00000035,train,44e63bd9d6726682093e1351791ae1546fca772002e3a4cbd3bd949696f63745
SYN-S-00000036,train,c1f0122cd579643b23314c9bab83e780258a96a17a0397ce6190a21e4820c83f
SYN-S-00000037,train,57eb3cc8ac7078a61746a8dd2da74ff603d7f0e517e8302b15157e45abec78ab
SYN-S-00000038,train,18a2e243a59f776bf9de612b156d553c11af79aff2e059c4ad7aea65ceb0538c
SYN-S-00000039,test,6b0fefc5c3414b95a5d3304b709c4efc9371e4bb5984fb4f05ea8c85067c738e
SYN-S-00000040,train,0d91faa8ff046822c46094298bb82986bf9c45b58a0d52f090a8b3cc885c0d4d
SYN-S-00000041,validation,0a4738dfa23207350012a67311b99d184513945bb4a4971ff20666cf495fb121
SYN-S-00000042,train,32afa603a216be65dc2e6b87ac337f212f7c8b02ca023a06cf18ec649c0a2271
SYN-S-00000043,validation,87d37852ecffa3561d17159482f2c2e9983ebed25bd23989e2280ae548151e49
SYN-S-00000044,train,11e035852d50dcbb4c4fa247e5838f6be9435fd28f50fbcc1209ccea12c404f7
SYN-S-00000045,test,22daf10874d3b51d033c8666537938be3622f1e02c0fa5e34c1e531517c09b0a
SYN-S-00000046,validation,2a6b5dc967694e06e00c3cc5ea210d93dd29d1065f9d8999af06eaab6a864979
SYN-S-00000047,train,b1e9ca3472cb88bd80c9ae85df1d695a469fd116e995c02310e1b468f1923fa4
SYN-S-00000048,test,bd8e82ed20d79552927d30c95fe8ac6808aec55290e648889228ec944c5adb89
SYN-S-00000049,train,4be706e3fce24dd8429db9e41694b19f386e4212bfff8abc7a4f4c407cbf89c6
SYN-S-00000050,train,f8c9de3ae435b7e7314f8e7700e5549da27200e770f84297c28ed423b5365237
SYN-S-00000051,train,40c23c7240d7027abd6157067684f06961f590975de88f14cff4006c20266f94
SYN-S-00000052,train,4a40abfafde8496cfbfe8214550164a254649131aaec22bd1da3c2324437faf4
SYN-S-00000053,test,4e5443656d401b8f9907feadd5fec13ffb24eba6e3ad8c9810dfa4c97d2fecef
SYN-S-00000054,train,69081e6a3e7168300e51642e86b34202a4d5607596ad94b9c7331c1faa37d162
SYN-S-00000055,train,ab6a9a5e809fdb471e57325a64abe48c1a3e29c51daeb10549cc662cc3a54357
SYN-S-00000056,train,7b11ded9ab46eafb766f1c58ffd3a9f010160b6c38db2c4a88135ae70111f2f1
SYN-S-00000057,train,4ac85c030074a8663de454c00ed517320608f8cc57f346859519367e577c299e
SYN-S-00000058,validation,935add0aadc255829e2a9fb1c9ef892ba1359199ce44d85c0a45a255d0b5eb85
SYN-S-00000059,train,8d8dce44eefe6aaaabcd6fc26abdca0a2f414c2da2396c40121e7d8ad8bc1460
SYN-S-00000060,train,7be8a0c201c988dc4523c621c2b330f4de9aaaf0d2122bd633193feb6e6b8f07
SYN-S-00000061,train,d819b316ef7bc7af8e9b671ea4f1edadb79c7161dd653838ce62e43093293788
SYN-S-00000062,train,e0e54488123442c3ba2c9e4e553f15f16b510db51b632e7f0ddf29a79ea44a2b
SYN-S-00000063,train,2cbe04210df313b7628e2f6543359b3ae5f848912fa4f388e854854d8ca59e34
SYN-S-00000064,validation,ad7f82b106603573dac4e9fcf19caf39d059521d1795c6ba291a4cd2ccdc5a7e
SYN-S-00000065,train,58bd4d818e8eb21371e1ef84004f63cdce48b2decbc80da90e0aed609b4ed57c
SYN-S-00000066,train,a3bb4268227a7b1be80a5f630069696296ea63e750cb340de211da44f756eca2
SYN-S-00000067,train,20471cda5f7b0e707d29ae63f9eceda78ca99a5e54fc56c3bf4effb230597188
SYN-S-00000068,train,f564a1053a0ab5cc885572906d913c00f36d7125aed4d22689ee154b42b7aabf
SYN-S-00000069,validation,cbabbf952d0c91c3f5e2ab6e2a7a465b8b23b29806962dadf2433fc4cdaa8b84
SYN-S-00000070,train,d9df40122c87e8e9f2e5a3cce99b3dd088e0cfd5768fea55f97e1f98a1f4be05
SYN-S-00000071,train,af536b9395bdd56a699c214db4a30f5d5dd2d17edad5e6b3b311fd4f800d6770
SYN-S-00000072,train,8857f476bae66638cc2a0359b80238788910b1eaba34ac799c0ad114faa987e6
SYN-S-00000073,train,5c1a0feba0049e722a7937c17fb6449299487e533aa2c1e6e933751638f8213a
SYN-S-00000074,train,2fab6d6c2b5d3cbfe1684f1212efe980a38c7da2600ce6c06cf74ab1bdf779d9
SYN-S-00000075,train,aa188de4436c620a05730b4bad1680f6e4981746b614798ddfa939865d819d62
SYN-S-00000076,test,1ed392c447e084a0d091cf36eb8b90996b9ef97519a520fc2c8b9cbe0fe35e4f
SYN-S-00000077,train,34a535ff9068307a7a29cc53104fd7ba630e9a9ab273992e72f63187c43bc87c
SYN-S-00000078,train,3cf4a3d7055c708c6f84b6a210d8031bd22793f1180ccf3c06854f98ddf7bd1a
SYN-S-00000079,train,c34824209eeeec8bccd1a0938d81e811ddea9e51f635a7d7adc4f5ef9c4263f7
SYN-S-00000080,train,8e56b78b83b13649e9f2730d15016c501091cd8729756c41c23b417726cffa94
SYN-S-00000081,train,0efb0ded23da1af87105ac0bbecfeeb5b2812cbdc109ef49ddb6d2fa86194a93
SYN-S-00000082,train,14befe1b33c60938274218279f0ddae206578924fea0a1b19823b6aeec667a1c
SYN-S-00000083,train,e5945ab435a86b0188a5ba75df8faa63e52692797affc1d58237478a367d4cde
SYN-S-00000084,train,81fbc3c48010fe40027207f6e44155440af5fc8ce93beb94a829444c73bda1a9
SYN-S-00000085,validation,b171eb137f01b926ec2793942988d78f37380225dac0845f8668c4b48959a539
SYN-S-00000086,validation,7a96be057b66124052c4187b52a1933f1d58b83da8e3abca1331d6dd15e69a68
SYN-S-00000087,train,28bbbc30b84eb3dea1e2abb6a4b375618aadfb984094d499e63e7470bf5e9495
SYN-S-00000088,test,9a1cf3b7c3cea41975160eea7bb0b3a8cede4da411533d5346f2ea1746a149c2
SYN-S-00000089,validation,5dc2bcb140bda240385df5d62801dc698e2187ae02141f871be35562b34b57e1
SYN-S-00000090,train,40ed169135632f690e292398a247f50dc7e7274a5b2fbfa6f717073e5a1db7d1
SYN-S-00000091,train,40e34a0bea9b150164ec87bbef9586c00bf8b6d395eefd1c502125640baf1043
SYN-S-00000092,test,334334e374111762ae8cce1a83313a9907a550b0493a3bcd4877f454e9a91530
SYN-S-00000093,train,d68947db3406ead38c87e38d7f2fbe1a02e740b7ea235026fa0f33ae45c5d95f
SYN-S-00000094,validation,0a9a7b601ef35bdbf5206ca77b62675d610441e72fd2d1fc6441ac4669d8119b
SYN-S-00000095,train,06d6114ef486c1f28faa2127ef2597373f98b535b54ec1ea99904031ba0db6fc
SYN-S-00000096,test,da215c418af35341c9df7f3d03b2ef2d4ad5a089c1cbd1da1ff22234f930a61b
SYN-S-00000097,test,1bb1d83d2ab0d2453ee2570cdeff42a66e9861a1d4ec2a61a066cbd0dc51b95d
SYN-S-00000098,train,25455a770ec539199a8bc6d5a6a1087483cb3fa284cf120eb901ffd431d9a116
SYN-S-00000099,train,990a71c9dcc791e0209c556270c44dab187483cb4ef15722ec448d054d7e856b
SYN-S-00000100,test,da8014c2ac86b0233a36960e95c438ed76e5a9027cc93af9691da774556d8de0
SYN-S-00000101,train,6df7f33db6f1cab4db0f646a25a555a2db45a39ffb9b062cd35095518e2a9ed7
SYN-S-00000102,train,4d409253e574f1205e6d4e3e1dbea052c6c959709eea08c61e7b25e5e3481b0a
SYN-S-00000103,validation,159e71a24b4b2b22992be40d795e582ddff636ab4156de3338165f5abb2b56e2
SYN-S-00000104,train,1f9409dcbfd1c2a893579536ebb9fc0154531dcbfda459bc0a3cc68edbcb79b8
SYN-S-00000105,train,b9bc446020e0efe6a7afd3fc275a9dbc1a3066708bc38b216b6b7a97a283f5d1
SYN-S-00000106,train,8ef568f7674a8dcc99b31cb3dfd9148c30c146b6fb9bcbe30deaef7dddd918dd
SYN-S-00000107,validation,e520d8039dfeb085673bea88347a286ca1d431324e44f3496fa03fbaaa06d2b2
SYN-S-00000108,train,3df064444e5f1a2ed03b22afe5b5dff2a57d416452fd560e3901a494eb94df93
SYN-S-00000109,train,1715eabfe25509e02b072d8ae9ad81f786dca90aaa47b6253e3852feb654f4d0
SYN-S-00000110,test,d968360dac1058e57b02992228f906625da4666fcd2f1c49fe827d272d482558
SYN-S-00000111,train,6ed35456b92ad6fd889a2edc00a8e405132b5c29e10ff68dbe037d668b963929
SYN-S-00000112,test,e3c39e4ee3f0ef4679f5e1a83eec2953202af453e7a0723462c945c2946a0b76
SYN-S-00000113,train,8ac3a8de6fd15fcc6bd44743f87e7deb325120ddb82d677a4b19c973cd95a737
SYN-S-00000114,train,d4bd94c31121f41f0bfd9a1dad6eb98b563ba0261fb63b9a4af392c62abe52f6
SYN-S-00000115,train,6476fcd146616ce40f65a6d91c3499604fdf95b1d12203a719e79a1033897ce6
SYN-S-00000116,train,3c116b8e2f4527ef12e7f9bdf67c76e6d710d9859069b421c0a67849e8b1c23f
SYN-S-00000117,train,a39cc7768c97306598cf93cacbe1a411b9e3f0123ebc234816f06cc3eddd067a
SYN-S-00000118,validation,0dab6e173b5d904f7b7d67614a992a2f574afc3cc59b9d58bedf45852df8fce1
SYN-S-00000119,train,973c4877b5e457b0315549ce46719190b3a83fde3d5f7f78553c82503132eede
SYN-S-00000120,train,517a0e0e60d1cd96d40fb64ec0089c1cacd1be61496fec9c9fe2d350e6ac6923
SYN-S-00000121,validation,5772449bf623d6c91f6e69cd5f5d38bbd2ea272e288d59cba24aa74a5dfcb20d
SYN-S-00000122,train,6a233541c5f92fde7f0469da008e69cb92ed981be1ef087fa15bc60a8ab9760c
SYN-S-00000123,train,a3ad426095826767397a8af4dbbd6e4d9371abbefa9213bd8add0d2e69412481
SYN-S-00000124,train,a2baadf016432fa1099e512c4b6dc57d15bd28b58f87fbea6a48eb59cd399b91
SYN-S-00000125,train,f4936a30835832f47e33ab38983c553e35cda92715e473bcd037e1f881939176
SYN-S-00000126,train,c31c0a5c64b33391a29e0fcd50ad7e74882843dd492266bdc1e15e3f72f3a977
SYN-S-00000127,train,c6eb64ab18100c37345ce3be4f6d6e4d3e38f38187da0c2c221491872d1aa76e
SYN-S-00000128,train,abc2ccc49c8e8869e3d05ec1e181bf955c1a7fd5fb787e09fd081a4d2c30deb3
SYN-S-00000129,validation,69f4b18ffec25f8c5bc9cea2b8d9f6d354b0f195aa9cac1bddff9b83633397e1
SYN-S-00000130,train,af7242105291a6461a21be9ec828f6a62b0c0dbc40fdec041a00f21034c28932
SYN-S-00000131,train,a4f6806f6d3582fdde5ed2af5411326d3815bd043396859f23686192c953cc06
SYN-S-00000132,train,fcaa8ac73320efed5c9b66bef91737c9bfeceb020c5e694231b2653f2e3024f3
SYN-S-00000133,train,16ec77847744e0e1850ff1bed01e86f0882c25f9afa177f96355a6569d0d5668
SYN-S-00000134,validation,0654e1f237cc60b3dd82ef80267dad041b8a053f94f22247b47acbb668b26093
SYN-S-00000135,train,a117f943f4e0d3ec8d810bdc7f14f1346b6f591ec604343c8faf1b186f3912ee
SYN-S-00000136,train,a165bf8e681605319312f7c3107d24427e361da89da72e158d573b3e8a00726c
SYN-S-00000137,train,d4c80c6d7d341216994d3e1186548e71fa5cc32a0317e99fbc118a39687925a6
SYN-S-00000138,validation,fc84696ec07c734f7bf7b66ea5b0dc66b80de4c04f25bf4ef9364be3663414dd
SYN-S-00000139,train,3a113a1ff98648d87881cb07daf96b6c080e917249b8df1b299b7603d2bd3620
SYN-S-00000140,train,7b952f7b281652f14c9e67a510da83c9f93cda339a2b01ab79899862dd9f7948
SYN-S-00000141,test,7c1663bc78e4d181dc9824cfa3719dec4f64043b94f3405150ddde002f5bb626
SYN-S-00000142,test,9cb6f82d364cfa62d80e1504e6b0aeb59132a1a5f683acd4348ffdccb7bb6165
SYN-S-00000143,train,840de09066b8046698b738338bed324f847799179432d3ecc620f876aca40ffc
SYN-S-00000144,validation,77c2aa9de9ef873585196c848164680346e474e1ffaf7774fc3d21b7384208f9
SYN-S-00000145,test,455f3eca93f38c69243c36a04a9e2626b8d71003b0a44c7711db2772f9db81fd
SYN-S-00000146,train,0856aca80d74ac351251ec19c6fd988376fb5fda820aaa8ead46ca5a1e0e530d
SYN-S-00000147,test,8e027c92cf1988df2fe8e34508dcd0b3b49f3ed95f5953a66a04ebc108fd4560
SYN-S-00000148,train,e7a321d61fcec9448260e5603a56d043b24cf76745d40527e600d89f62ef9d43
SYN-S-00000149,validation,0ec10ed0bbf82f5687dd911d159866fac93e683a2e1d435e74ba3dabde2f41a8
SYN-S-00000150,train,f96242f964c18d5c27cb8fbe65291eddf21195b30e55b7e24d16ba2e6c802cfd
SYN-S-00000151,test,861fbed49a1c4a43584e4718448019c62d8719caa12f98c3564b03e93ddb6ad0
SYN-S-00000152,validation,1fe2cae6f001a09c682ca644ff468484f23e60d6ab929c3013ce1a0ab5a31470
SYN-S-00000153,train,adb9d4122dbf1a49b3bc750f0c7a1a4bdd430a9ff8673c922dbdf887a7c2a719
SYN-S-00000154,train,ed559902a3353a0016795966523fe74ac7a95862b79edf28a4c4d6c6e6ed8203
SYN-S-00000155,train,d780aac9d894ce3b31e65caca9013723507e1940a9e61b9423f900a335f2aee8
SYN-S-00000156,train,18c00b9ec47b2e3425191481147a4851b7ab7e966ebe963135c8342922820bd0
SYN-S-00000157,train,6ca550cad7286f88b337f172d80e287daed406f4cc143fadc4e3d921b6082425
SYN-S-00000158,train,7d5e61a56aa41772b1d441b4836da595907a9bf67c95980fb2fbee632bebe519
SYN-S-00000159,validation,9208a067cef1e8324ad8cc7340ac88766de1c40dd1f013f59a6a208249b29230
SYN-S-00000160,train,ac9406fa3bec0ce7141a8388a4a41dd84c57b3e18ff4629e27a41696750ce41a
SYN-S-00000161,test,f9953f09962b3dfee5bff03ed2176d4b37f1993bf7fa0b326b64e9141aa5f4ae
SYN-S-00000162,test,d53644c174f3d57773446aae9c0985fb4dd1dfb878603ea52a6d74832755cba6
SYN-S-00000163,train,065d66f1e919f9b3258db3b947cc6b925a0f8b8ae7fbc15b9dd9495dc1f5c8a5
SYN-S-00000164,test,6d2268dd27e591d0d504e8ad9a446ffcb32a0a32e872bef06258c8716907961e
SYN-S-00000165,train,47a22fbd723ce6749b3c72935a991bfab5dbc1a5bc53b172207788eb68c417fa
SYN-S-00000166,validation,7185f065106452dc3bd64c848e28db8ca4168afa31378f6a77730752f953797d
SYN-S-00000167,train,a4cca2365d0611b6afce5c606fed057127c04e8d81c487e7bbc97782e54d4437
SYN-S-00000168,train,cd77a6b4975d63514036e93bd2616375427739c0c3f3f7249fe7738a26016a4d
SYN-S-00000169,train,f841b96bee4ab1ad921f546a2062ef223c4c07bd85b547eb2dbc988e36707795
SYN-S-00000170,train,54c5406da38d633af43561e508b3c98068172c03a7d77cdfa0baae64b06926c6
SYN-S-00000171,train,de64e532ca90dca9e624d4ad9bc75f165cd9df23d102445079cac36ef3953542
SYN-S-00000172,validation,0f0dcc69f59854660fecfa645b1408805fa11cdac098d8a19f0cefdf36115869
SYN-S-00000173,validation,a295f1b6b7958732fdb7c4bb0f24b3be9e3222e93ef2856e5bf0cd4f010bd0c5
SYN-S-00000174,test,b608567c4b11051565491a90f59a75e1ebbc1d23469cfb6370c5a49a29971db4
SYN-S-00000175,train,22c19146f6060400b7da875790d7eea75602235b9c78faa9cb8369e11e42af9c
SYN-S-00000176,train,5faac419960543fb31157d9259b3cbf6fc6f9274a1cbadb40aa994de8dd844b4
SYN-S-00000177,train,d9b78c0384ba46454fb7e06280787b41ca55319b91638aa793a1757565395705
SYN-S-00000178,validation,c6f5f7d8f3a2cc055d0a6db3486de8a6e1d1ce4e8a71b0f6005e93239561d632
SYN-S-00000179,train,1332d06417073f263fac4de2b7d262666d272c2d066cbd07e01505cc56376bf1
SYN-S-00000180,train,659dc63bff31444d2b8016387eacc69926d4f160d65c0ad1ccf85aa09a61f14b
SYN-S-00000181,validation,bf03b1089fe085465123db339268348a3de2a3d9eeb1380657abd84a1d90d60d
SYN-S-00000182,train,653b1669164580aa5d9d5f8d141a673a0d4d7f6bfcda39291d0228b79a845d3a
SYN-S-00000183,train,e77b7af92b60105ebeb30460a5bdc75f2cf6a72863a925b64f1153cf341d86a7
SYN-S-00000184,test,2876189484d884b6314da57474ec9249e23957f96e761205525d07dc6ac4d427
SYN-S-00000185,train,8f65286a9461630919c39ce803a5fd3b1ba912abb7e9bff911964269abadaa0d
SYN-S-00000186,train,1a0839adfe345a83ba6294d3c973ca51791ab9eaa9e4179485d98c93848f424c
SYN-S-00000187,validation,11a9da5119b877f98cb772aa24459ef78814a1022995ee9edd8bd753e2f5caf7
SYN-S-00000188,train,2d2528252be83210da4c6f4a97b3e18b2d1ac1e7ae22407a651b021fa3caf118
SYN-S-00000189,train,09b9c07c0d26364a449685712ceb87566d8fb8817b0e218eca5b751ef6821fda
SYN-S-00000190,validation,dee756b0bc4c2da011feb879729b35c6832b2ac358fe287fa5656a0e66ae7780
SYN-S-00000191,validation,21215a3848ad8bcac68365e085a67e619506c42b68c6c143fb0436d937c4907c
SYN-S-00000192,train,859189c59397236d66cbc4937872a0858730ffd4968bb052d49759991f97ec70
SYN-S-00000193,train,13f52fa455c7d6554281c5b2d1a4470c7ba78921a9f33b5627491a1d9934962a
SYN-S-00000194,train,40275d5e8f29890d08041ed48650b9478f8a275955342c1707fb75190753bb7c
SYN-S-00000195,train,f8a7f362f27107458708c879c83f6ed15b5876b432781cf339fbdf8ee845e4e2
SYN-S-00000196,test,dea90d47686373a009508e23dd766f565380274754aece7f16c01dff11321548
SYN-S-00000197,train,08875b68cfe9ce9ea7065db7330e0e1b0678a0b97a9a8da884e7b1af711b401e
SYN-S-00000198,train,33f7da4916078fb7719241bd78f11300d74c83dedc97733da596b6ee9dcd8c95
SYN-S-00000199,train,b246f88662ffed382acb3a464b900a1fffb06d8a9038af940b6e7a96b9f8a467
SYN-S-00000200,train,0d550eff03503bf46f6a283dc5c4a8de14e0019dfc446f83f259b98b6120ead0
SYN-S-00000201,train,941ad66d4937fa390bffa3d583671cbb86f7e7fb2a5eecd42d194e6ed11ab4a9
SYN-S-00000202,train,1a604fd949ef269375e1aef6056e7ffef87258c591dec39cdc14ff1b7825539a
SYN-S-00000203,train,ee5820d45fc8f8e2a8449fa74c696e7cb338001c38558d0c64319fab3aec05af
SYN-S-00000204,train,a03b6dbd8621b1a94965eb7bf839064e1bd1cc55f1bfc0f9dc455344ff5e0c4a
SYN-S-00000205,train,062139d0bd235e4da8aec4fd2ec1d48807a7e79a192b036d06e407d067d28edd
SYN-S-00000206,train,14820976fb12162fa2ad0c33987cc85a2630cb8b4ce428e6b1c5d1990c8926e7
SYN-S-00000207,train,568c0591d5b05fcd291ec503182ac17dfb623e8161c7d2373969280a24609909
SYN-S-00000208,train,add8d4f9d8c7ddaba16e51045001da5e41a96924dd8db650fecb2e2e2a9a46e2
SYN-S-00000209,validation,9e40b1329c7f91f5214d7c7efc71bc145ac71fd3a060e2c1ac0f23263e6303fa
SYN-S-00000210,train,a9c17d28d4520f10837ab087dc179db1cae99dfa882a532b454ae70e0bae1710
SYN-S-00000211,test,15c4063715c71df61541b2a4f226b593e82f55d793c0eb76cd30de928d82bd6d
SYN-S-00000212,test,2efd7c76623f668c30de38b338b590b97bb0e7c5d2ccafbce2557281470f286f
SYN-S-00000213,train,e186b10487f26bfb67d70d464e3779d344848d77af1b5adcbbe4d93fe6c54a3c
SYN-S-00000214,train,e39035deef1842b35b61ba861f42ec682bec714211beb99dff7b6237d6261172
SYN-S-00000215,train,92ae56f15df851ab706c5a17e883040da7f0ce6a255e33f9d0520b765ada65da
SYN-S-00000216,train,c18eeb042b431d9774580e8e6d36fed8574b5ee5a8d1b9cabb89067086564635
SYN-S-00000217,train,6a485825e170f8d6f346e23fbe8db1aeb0ea327f78c256987b0ea2cba7787e93
SYN-S-00000218,test,0af18cce5b37b38440b4c75080892a0a9273d6c99e77202e956c96bcc0c45699
SYN-S-00000219,train,789b5923d69b0e9bf7af9006d87e953d2b9456a50cb45409613e0302ee29fab1
SYN-S-00000220,train,3ed41d7c25aef2f3db0b6dd7f27c3b0f9d8f4842f7cff02decc017a670476936
SYN-S-00000221,test,19998f52424397182a0edd935180d3ec78b891420473dda299166fa9f5a996d3
SYN-S-00000222,train,77441372dbb7c01425292a8a7cfdb237134d0d13d0747c6557d4e7bebaedc11c
SYN-S-00000223,train,c6fc3a27f2a20a91bf03a352fcb0b87642ccac618b1a9eefef4e584f84b4e03a
SYN-S-00000224,train,7f028d41ecb3cb553169813ae43c13cd24268b85bad584a30d60cb4fdcafa3d2
SYN-S-00000225,train,9e860db286a45d74dbff82ca4be507e524c9d92cbd2ae4d01b0042fe9649b0cc
SYN-S-00000226,train,2c4e45f932d1e7726e95c433fc61a4fadc6dc7a203bf9acd6b832698733d8395
SYN-S-00000227,train,e4898d4ea1ddd6896c317ddcab9d95bfdb1d34836688b9b8c774e4dbddd1d2ef
SYN-S-00000228,train,d66585206806ea4c24ba5f73b4b1b9dcadd9e0f52328199455edecb7be7105c6
SYN-S-00000229,test,0104a2b55255947b324f021add646ed54db4a6bde1048ac282fb1a5c51316191
SYN-S-00000230,validation,75f984813ef6af1058d8204aa31d565956a43642f774198c27841270070bb592
SYN-S-00000231,train,7f2729cae1a73b70d5341074c9bae87c996d90b3ed6ca7066b7d4191ce780d9d
SYN-S-00000232,test,7eec1b33dfd4f17db7b81a31b95fe25f9e9873ddf12f90ef83f9f063dd7191fe
SYN-S-00000233,train,7bf0d2c587a7d7afaa5d979c148b03bbca14a117f09791e3f04255f170173d7d
SYN-S-00000234,train,f1e72941a93ff547b191f291ba84b4872c259e2bece504dd793429afe8341234
SYN-S-00000235,train,c8b59c67db0a9af55d4308355746c1da9e9ef67386b3e83e9b68c3f24608a1d1
SYN-S-00000236,train,24ade257555bf3e7f18f447ec5082a2bc42728274c64c8a45a9a8d4de898c203
SYN-S-00000237,train,5d2c3e8c0deb201905a5af5ba5020687662d93980b05b8c97bb35ec52ca2049b
SYN-S-00000238,train,2cfdfd1e3529238c86a17f9acbc5c0bff9a2bf57f66aeb7963d1a66ad7a1a644
SYN-S-00000239,train,4bd6f5885844bffc87971879c109f31f91eaf3c16e64bc42d7105d526faaf4f0
SYN-S-00000240,train,72a806c8f44ed6ea8fdc2c867ae82b0d820e87509b959680479bfe8594c12a49
SYN-S-00000241,train,df9b1ce6a6b93440ed9d255bda71c055a0dc9928812cacf356e59b2aaa30f591
SYN-S-00000242,train,2cfcae4bb9fd10631fbe7da7c741cafb7ccb61941af6841ae803a4089161fb82
SYN-S-00000243,validation,9197d30676e4e7668c077b213bda8bd8b597e8a24e6893ab618712b21cff175f
SYN-S-00000244,train,7a9c235162c9ed88ac4e8327125131b4c0a3e07bd8467c0b12dd6d892f67a75e
SYN-S-00000245,validation,0c9c69b407bacdbd5aff3a717012795b0c7a34856fd201730af4e2ebad098ebd
SYN-S-00000246,train,1f96c8546c1ff120fbe27dd8bf5ccd1da310751868b930b1f0296dedb192db76
SYN-S-00000247,validation,d6ed484d936a681fcf2301833e98f9ee917331d4b762f532555a5179f0cb7d9b
SYN-S-00000248,test,0d0e5921a184210e4de0142ebb1300ac1ed4ca96601aba8db43083338f3b97e6
SYN-S-00000249,train,4e3f85d26fb6907eb418985c5d3e5341431c20ffb8312e0ec3795b143304bffd
SYN-S-00000250,validation,4b6770e540fd06742cbc7609fb3e1297687c94dab8d6abe62c48db93656ec93d
SYN-S-00000251,test,4a87044a0abf1469ea29e09130777c11d7c9e421718b94fcd0069fd8b5b7f088
SYN-S-00000252,train,6ab301ff248d53f5c720d2821284be81fdf0b5a08fb9a8e53b306fa62ba3024c
SYN-S-00000253,train,5e9f445c1a5ba3d8a5ad9a63bfb026ec433caccf999d08cb583ddaa1d3a1a27c
SYN-S-00000254,train,a17fe9fe2f43bae542ec79e75c792011d8145dcaff26436d2136897eeb6bd741
SYN-S-00000255,train,8a0595e0c60c5c776f534486fc40a0a311a6e0cc67bacde5fcf9b8899ad2276b
SYN-S-00000256,train,c10fdbb60a5bea226482518b43a09de5db291df897df1b63eec1080d0d6853de
SYN-S-00000257,validation,852840812de76fc6bd454ed8baa526ca49ac43435ecd6078bb2de121e4eb3290
SYN-S-00000258,validation,075e451706d7144e270fdee33c481129f064260bdd854cf82ec9a214cd9fe008
SYN-S-00000259,test,85f9ecf51eadb0b6030a25523f3590850a8981bbf73aa7b51173c7e5568c48f5
SYN-S-00000260,train,4bf83bfe1b4a3b9895065f5b15f49186d20b12bc57b3fb2be354049fcf93ced0
SYN-S-00000261,test,73305ac34953a5091e9acdadbe24d16e7f0399b49c8a749664f1e029a3fe2150
SYN-S-00000262,train,40533738dec6925793d9c25cd1590809813498d22e5dbb801aedbbfb6d81dd41
SYN-S-00000263,train,0f592cbe7fdcdf461eceb6d31c6e308c80facf4aebebe6a3baf8a3db4827f221
SYN-S-00000264,train,8b61b6f4efa09be64a6dd7ab5175b4687d7acc1abd9737703f5fd10551080ba4
SYN-S-00000265,train,d1d0cdbdc639a0e80e7c1e8768bbe9983aac1064df31326a27b4d96b6b0bf684
SYN-S-00000266,train,3d1ee53cc4eafa6de5e3af5d6b5e050100854390e734ab3f9b60483f682dd1fa
SYN-S-00000267,train,9267cc973cef63d9d9ae14fa12c2b1eb7a78136fbe63fbd87990282326593333
SYN-S-00000268,train,839f9db5c166ec980a55bd8fecb7c30b1b7016e842bd3267e27107c6f5e62ec8
SYN-S-00000269,test,bf403bd3932534308a04b5909e94d3a96c25331142be99c385d9884d27456b39
SYN-S-00000270,train,0f6ba8be555383a8d050380cfae5f4409e743a20dde5edc29b508b18cef320a2
SYN-S-00000271,train,0a53d8009a4efb1759081f68cde0fd5ddf975faecaad9d1f9afcefdb6d63320e
SYN-S-00000272,train,745db8c191ac7e39e58ab6b73d6eec9e9a07fbacc2d1d21a3eb4383dec8ddc17
SYN-S-00000273,train,27c6151af7aba07bb295f919b9ae82f0f9dc4fc9fd1dc3ab667560cce87a6b34
SYN-S-00000274,train,a97da95b69cba9d6a03a4456564de3be368e0da11a77df628ef2137a19c0bf06
SYN-S-00000275,test,b34fc2f5827c55645aef774fd0b123159e8151133c8422a909eb3118849599e0
SYN-S-00000276,train,cd47ad3e3eaad75d97f228a5ccb9926a98e8e207180816556ef7d0831f25e105
SYN-S-00000277,train,14eef1c1b33504556794a00907e26b0fdae1c745d29be858ebea6322916c9936
SYN-S-00000278,train,899516fdc375f261aa3d2516a2e227fdb6b7232388254c41616ccdec51b95961
SYN-S-00000279,validation,faafe0577974edc8883aa796485db778cad875b9fa174aa420238ba0244eccbf
SYN-S-00000280,train,b363b3d6096b65750f6661d5937cd0a340cfdd850092cb5b4cba0153a81b6fe1
SYN-S-00000281,train,aeaabc948c5aca461724a0bff3efd92c55f6ad14cb9b3353d4b44c07df211e10
SYN-S-00000282,validation,03481c548970a4cce6b71f0142d7bdc2112557733eae091e67b1e74536318bbf
SYN-S-00000283,train,3fbe0ec8ed1ac75c7922681bc150667e3079446110976fb89d5a2d0d1b60fe39
SYN-S-00000284,train,0ebc82aec65f2620810c5e00663103933220feb6e3f26b6d71af2c4941b24fa1
SYN-S-00000285,train,f3871e283f56cf12195951274621fa390608152ceb830a160aa4bd551d5cc4e4
SYN-S-00000286,validation,62a471213bff905ef8891919e22003670a21708aad67336881474845362696b7
SYN-S-00000287,train,a6d1ac0d67dcb0f5812edfd58334a37f4b7244c9b108d4852e38bbac2ff97750
SYN-S-00000288,train,f73e9a0f73f403027187b5b49cefdecca0ab6ebfb97a89486a4dd2eca43ecb76
SYN-S-00000289,test,e9fef8b54550e7c93a07df40d8b8b6294bd9367f8105ab9326e9f398a94835cf
SYN-S-00000290,validation,e6dfb57e91b841d071e16a942d20c640f25f6b46f6191b4f4d9d77d5ed9bf943
SYN-S-00000291,train,045fcab30a08462f3bd1ae750d34c5807a1cd1f13b02cbf29a316a91fa09dfc3
SYN-S-00000292,train,a997c78c1c3509d5f357fa01c786ed725a30823a33d4a1fb80b0a7e937480b1c
SYN-S-00000293,validation,00b94ab899f928e988c94a47ef1f0ba70f1410aa30912493ec1178ab1304f490
SYN-S-00000294,train,c2b2282f3503f2dc13fbcd79f57e5bfec131e70c1c2cf0102e21dd580e1e189b
SYN-S-00000295,train,72ff7069e521340ac74e6b9b1b48677068185abdbd5d2e15228bf3326a4a9034
SYN-S-00000296,train,1f649b09e5146ebec0ab35e69f9457f443923186d3d4a02824f8a0010062481a
SYN-S-00000297,train,b1cfc10315b249bb3cb7c9bec0ba12f41953028d3d638139751838e1be88d7fc
SYN-S-00000298,test,3a4122a5acc2bd998643adbb87fcfd41dac523a13f53756986c0936fa1fa4046
SYN-S-00000299,train,7941a33bafb3d74ef342dc3ca12fd94d99c1bf8629181ea549e110629505156c
SYN-S-00000300,train,80a73bf911e6978b39067c9d7aa27ded7b00f871b5021d08cc4271f75978957f
SYN-S-00000301,train,31e05493b3929e80ab47c21afa2524f01208b9755126ad3488e447b987b71820
SYN-S-00000302,train,c7bbdf7370ce9af1374419b2346fb61696ccdcafbc33976240aacf27ace22712
SYN-S-00000303,train,71c2bf0c763cca38ed663d3d3888922dc72d658d52f90d38cb7091f3cf46aa4b
SYN-S-00000304,validation,4e7a04512ecd27723efe6a7c401395de28f5f53a18e377f9f75ee71d3054e4b7
SYN-S-00000305,train,ceacd9f8e0a3ad174ed1eb00b32faf3be2e46755b978947084a6b07ea35d238c
SYN-S-00000306,validation,14f8adf50e00311c92a4c4519088d2c885eda7b90672c00908da977fc7d68059
SYN-S-00000307,train,c558e2bb9430b2384809ce65d5c52b4787b21444f2c972a0d3a3d8c9bbed38f8
SYN-S-00000308,train,9a671f17f75ed9297af5a46f9fffc5b5f3a707dd959d3e9c9e855d6e9ecd461d
SYN-S-00000309,train,8fa4cbfd0a53430061d992415642d9c19a000600d6e26b833c376c36382629f4
SYN-S-00000310,train,5012cfe40b96949b1005adeb23e7468e06a0bc83da1696c72aa4f9367c7db4c1
SYN-S-00000311,validation,40e67f0f65601061b46e64e95ad0fe4acef1e8b9014693133ef10d28e7393b58
SYN-S-00000312,validation,7a36b083dc7e57c85fc93d32bd90c5cd7d9e4ed4e670889cb6a00c7d3e8b7d42
SYN-S-00000313,train,1c177cd517dc0e07ceabf03e11cf1f198b3eaf8c304a336d5fe8df58efcc2dee
SYN-S-00000314,validation,4fed1fb5e920ca7c8a517bd0fae91510a529c070a93893cd04133597fffcf4e2
SYN-S-00000315,train,29f3b801443176f516aaebcb540c46dbe9d340c99d45850d76a2e062f502e66e
SYN-S-00000316,train,3659ec0240ed35f2ea56a1563ae00411cd10d45e301b8dd409aa02463d786bf1
SYN-S-00000317,train,15dc763e91caf039336a690a61ef62eabc23e66bcf5f1bb76901fd8eefefaabd
SYN-S-00000318,train,c168eccf46605cb3bae8b3b9ed7f64d06a7f341b13047e91de88711946fb6c62
SYN-S-00000319,train,e5ba1507a47343173ecc79e1db579b4525a265f1a271b84d07b385d0745a915c
SYN-S-00000320,train,83e969afb8c806213177fddb9a5a48312632c631ba4baa0c027e836d377f0fb5
SYN-S-00000321,validation,1f0d81191bd5af449b61b922e52c4be6391427a6d10e72bfea6ccc9f14673669
SYN-S-00000322,test,d3124b514e3d7e41703ab2124b763d8a178b7a4d2c9b90cd985eab5e897807dd
SYN-S-00000323,train,08154c636bc9869500ed78c712c22fb0cccd1a099b5e75476c2ead1d5a5808b5
SYN-S-00000324,train,8ae9ea5f1d08c23db95fc224318bb97f77b96636fbc016e7f92a8d327c9dbbfa
SYN-S-00000325,train,2f0153ed9fde565a3e60bf0301f00f5a6b877d49ca2a12ce644435f4e073ae23
SYN-S-00000326,train,576dc2d11e220c489afd3e08102b516c342fc9f35c6895b9987f520e190d7ac5
SYN-S-00000327,train,8a441d633ea807eeceb6184fd3e1034b9c69e4b6d1d81e8d3e8fe4a6131a1895
SYN-S-00000328,train,93fac33e8407c7c8db6b992a51d19fbb308a9143be5ebf281277c0d6702adc8f
SYN-S-00000329,train,becb5f221c8e750378a27061d2d97a5d7d4f436040b88323d95f7fe5474ea5bc
SYN-S-00000330,test,ef3d7dbd7e730b61a76a879e1119b5038cbf77ecce2c8808fd083efa56ea91ef
SYN-S-00000331,train,87d3bc5e0de739e8650bffc5ed3ee8b9cdeec22112fc81f7145840f5f2191544
SYN-S-00000332,train,d5e610f21acc9dc4d56e172c96fd46c1d0b94612e9aed73872d7da337428263d
SYN-S-00000333,validation,10d80a371666b6fff0117158b968d0dfba3f20baff37b69508d653226d6a32f2
SYN-S-00000334,train,0fddc3c10ef2b208078990b45f6648ac61b80c4f2a563f236b04044864578cae
SYN-S-00000335,validation,a59b60f774a36c02ea8cbe3ba5b80b52b180a24750469426ed03bc1366f6ca44
SYN-S-00000336,train,54e3e6a1cc98295733d022676d653326e657512731efcb64eb219c3a44e23cfe
SYN-S-00000337,validation,5ce06d46971d7c5b462711dcd934044e64380ecba9eb1e5557250d1a69da57a6
SYN-S-00000338,train,96c588ed23629ed74429febbbfc7216762f9d5f78fd9452aa82969163c945f49
SYN-S-00000339,validation,2a69ad1fde48fd0c8e8f5245b91318e52ee9ba9746cd2a928e66ed8299534ed5
SYN-S-00000340,train,d68cbfa88546e46873b9a63a42d4bf09bf82ce91e944535083aded1eebd25047
SYN-S-00000341,train,612450366e6c71c3289df1a811f5cbd518934c1f977e3c0c3837836ee3e50dd8
SYN-S-00000342,train,f01a423c83b63f3bddee3bd64fe2e40ad67bd1af4f32eb05b5fa4c5a25f9cfa8
SYN-S-00000343,validation,ae803baba5759c3e3c75a76fd84080505ccdd800320df412a0824b9e088e21e6
SYN-S-00000344,train,45a559bdbe9ebbd98d56206c163ee0e9db4181a8837586137a4e98cbbc75823b
SYN-S-00000345,validation,a7c27266e9f464c22777d752a328f8f1ba804d1b18b294e2349c79c325e8302e
SYN-S-00000346,train,548c326becb3bcc3adb17cc2a7010bd192f0262d2aa0771eff2f2539f015472a
SYN-S-00000347,test,4679e49d776dc91aa5c9836444b8aeb2b949155a49023551dd179b1daaab3beb
SYN-S-00000348,test,bf1d7743caa2bde1b686fa103351c99dc6f594cc3b207f84f10ff5fdafd8cc89
SYN-S-00000349,train,20f10585be18f6371d67935a7ea15b5d58ab1f0a2eda9c65223ead53faa42671
SYN-S-00000350,train,8d0558113dcc48af7c952cd99ed8a4434d9417187c5d2c36720491e83999d359
SYN-S-00000351,train,9eaf38e1869c450ecc737e5e6ecac7cf8e00c5f9eb7c6c83ee6797a050d32cbe
SYN-S-00000352,test,dc54cfe58cea562be5dd01e7b642665adbf3181c5c715ee8815335a5b7ca304a
SYN-S-00000353,validation,b31a085ba0c79df2f365e7f4a721e1eecf089e0227e3a5568d230ab47f8dd87f
SYN-S-00000354,train,0876f6add52e0a14a88619a37d195fb77193d898a9ee9e4ba56d09d59fb09faf
SYN-S-00000355,train,01e5baf6f3317075fe98512e9efe47818a6d28ebcaf08fe200815f5f41ddf983
SYN-S-00000356,train,e4bc64f58f78520e99a47698922c10f148eb08aa40534a1e1a66831ecfe5acb0
SYN-S-00000357,test,dbdd37d0bb7c9234f417558105d81e6653d876c8f8844a00d51e1a5b69132cc5
SYN-S-00000358,validation,f270b4045cff0517b0873b5f126c79a89dea8411e412f4f83946f398da3b2f7e
SYN-S-00000359,test,de229e7926511c9fb00328b5b852fa14164217c297e3b26ca279e6bb4cbac82a
SYN-S-00000360,train,c02ad8832efb8d3ae0fc508337f40a839f70ab94ea72cb0c9b27eb34e09980fc
SYN-S-00000361,test,c1b3a1a0abe3f511da017cd4147ec916b747e5a853245a54776328daf6ba58df
SYN-S-00000362,train,1e0828a5422e42bfca37d8d5618131ece1dd746392b6d538afd76c99854e14e3
SYN-S-00000363,train,97c6c0d68dc2399542d0af8dbd2b961347d5fbd73936a15f07cc2470caa8fc6e
SYN-S-00000364,train,a937371fb685048cbd7faec2d0e3908130ca26eea6e366ee24bd915f294f1000
SYN-S-00000365,train,6bfdb7ef4684a6e593e6f7dd14837e23d8ce1fee484777e2dee0d2adcfcfcd2d
SYN-S-00000366,train,e548803fc48442ee9949a25729df655c2cb38c9799bc7d50252031dbf0e58243
SYN-S-00000367,train,3d281d71c5eaed385c7eba4ec08f8fef893f6d000bf0eb6664f7e7784aaf5479
SYN-S-00000368,train,dd104791af81397be0e38a78a4655d8f0cd213b003d626c70aea99a24d3cbfe3
SYN-S-00000369,train,fb63501e9f4f48240b13c19e6f545d6af7442769413f6a93a4591150764b62e3
SYN-S-00000370,train,6da6f7868e975af5126b904c2d7cb908170c9594c75caa326993aa9699eaffbd
SYN-S-00000371,train,cdf1b4d2909e77eb260a6ff69872d09878936d67d1fb230a5814a873e376afb9
SYN-S-00000372,train,3080ca71f53051c8b83db44e0461dd76228980aafb7201ced46fc234613e077a
SYN-S-00000373,train,16c71989a6627562ba0392fb43f215611f5743b423c0642e6c63f8e17f65ad16
SYN-S-00000374,validation,39e34ccbe9e9ec1f3ffa2a20de3b14dadedafbb237da9ed53901539f77997ec5
SYN-S-00000375,test,890b16ffb89900b34f25e6a19f92e1a83c5eb8e050b2b894e1001531b20be316
SYN-S-00000376,validation,f58d81055550bda8f44f14317b80a57cd7b8e147ff2f1d70e302f139ce0d1d72
SYN-S-00000377,train,c469901240acd6cc490888cf68a6bcdb51474939f685940b02822e9ce3956864
SYN-S-00000378,train,5ec9bba05493e0970f68eb5254998d077cefc39d998a232aca0e1205ddd60709
SYN-S-00000379,validation,141bcea0cb03a940fafe76312367535c8fbdcc094af32e17314b6a01690cb5df
SYN-S-00000380,train,1ea5ebee3e18d093be0f605283cb878f2de9e9c2d06671d584822847097eea48
SYN-S-00000381,train,6272521c0575ed13ebc872702731d66b6e152770561e87cdbfc52999029a06d4
SYN-S-00000382,train,60e1d284ad53d8d77a96a075eda7d4a46b32aa768554bbc1dac40636e10ba275
SYN-S-00000383,train,4c51c25c758842a63f12bae2b7dc64a319019c7506ef74b516f6a489731d156d
SYN-S-00000384,train,93a48c81d5233818925e11255c0a55822f09d14ae654de7bdafe8e29c5aeee2f
SYN-S-00000385,train,bf821be3e89271883a4a7c1027a55563e6b8cfc31aaca9dceecaccd0bb57525d
SYN-S-00000386,train,5b1fb717650d50bcbad09a6106a4c6a59521f25469b691d7e533407720361759
SYN-S-00000387,train,f60df5e11b4001187e094c9091b0d4c7d9f678b6cb26d02331b0c22c59544705
SYN-S-00000388,train,ce7df7a18ac5adb693e4ad9f6bbc90768681859bb75ba066de925343c368215f
SYN-S-00000389,validation,67454b7df30d86fc7c65be9f569ae04603469129b434b699b9db6e26361940d1
SYN-S-00000390,test,8afa7dca1e3b83e933d46254f1069787aa9d97ccff90abb1b0912cf21fb6b873
SYN-S-00000391,train,505f284709261c0ebc40544105bf264c6b3dad820e34c0ea7206a126f1e0441d
SYN-S-00000392,train,2c7e60362f4fe75898a061e40bdfd8f1c9e694612a5701899641a283dc3e2330
SYN-S-00000393,validation,ebe81f2e132a86a9a3193e399b25aa951076d0d980092d6cee4fb44ed37e3441
SYN-S-00000394,train,218ec881f81d08b21825e6093643bb4d7e6d1adf9591e4857d646ff0f931567d
SYN-S-00000395,train,68032a56a763f890b58c495f8a253803fce8a7b418e1d7ffa93f22d3bc9eec8a
SYN-S-00000396,validation,9db450a296f3aac17979e62e80db4fdd5ffdf9d4d18d23c2de92258880841c2f
SYN-S-00000397,train,5fe0e1585f7a47718e9d8bea386ab7f4034eb077f63d423410c3fe9c8be646e6
SYN-S-00000398,train,0340938101f0156e658baafb2329e829970ecd1dcf944f242fc8334da7f255dc
SYN-S-00000399,train,bb0c73ced5338f8f1dd52aaf1aa725567ca1e85e7bffb806758b12240bc4d2b9
SYN-S-00000400,train,e811e27ede99fb06b9877fa56c8a8a8f365b55fcd8971e16b67acec1cc27b2eb
SYN-S-00000401,test,007af35bf3f2543d975751fe83895514f58de64e2ba76b58e5d3ac018994af07
SYN-S-00000402,train,069e606637ed4e98bdd5f27218b50f4c36c0d46874edd74c42a3881500e357bf
SYN-S-00000403,train,b8eea6f924c55f9909feb51de4a56f768770b944592203a8f7e022a5978d0f9f
SYN-S-00000404,train,edb16013b5f4ff0c07c63d988a3541be6c1a23bc35f18949dd0feb54e6e92e21
SYN-S-00000405,train,26ec86fa9fa7f0d325d0231ad09ba505b7c12e3f4e1d0c491bf4482b88dde050
SYN-S-00000406,test,8619078714497f7927475b46563a89fb7345caaf26f3945c18413829d250db60
SYN-S-00000407,test,bd0122816f9ae38025b80aa77bf63b9e3f2f176655560229b6acf85e7499dcba
SYN-S-00000408,train,8b1bfaaf17623954ea8e2a0f84baa9f6acefb6b33a495c0f2101ba7fd809c90f
SYN-S-00000409,train,2585ae0939bf98272b5344118dea087772dae65551a5e403a010133256426fdb
SYN-S-00000410,train,bcc27ff639e2037472b381ef3578944843a9cd0c0dd61a987c9b95b65980b214
SYN-S-00000411,test,7dbf16efa247b5d0661a7b4acbd2e9b44e3a3dbcb6941b63393281175daeda79
SYN-S-00000412,train,caf5eba74d7b210711c9bd8297648483ca7345c74ecef7438c2acb11a70bfa18
SYN-S-00000413,train,61de437d3b0feefa021135d226bc7ca5f469127bc3cdf40f8d1078615a19ff54
SYN-S-00000414,test,a9c5b202ee2b9818e74668e03dacfb433ba927b343db58b0b32e38a0dc29dc4e
SYN-S-00000415,train,b9de1887c42298818ba6592b56cb3e65c0517701ade3ae2abe41aac62bb2625a
SYN-S-00000416,train,1b8c368118fb75c80b5d9326668ffdf43fe790d48ddfcc613144e02c5f60b58f
SYN-S-00000417,train,8fd481b5e790dc41224422b9b5903bc669e0fba152f485b4c13ce2229cacfa78
SYN-S-00000418,train,cf7bfd4d9bb063fae540771c2d87c27f6dc9854c3280b1c6bd21c229ae316f33
SYN-S-00000419,validation,43ba047ca4c62f00d4786481fcea9234e5070eb72444e8892171dcd18265ceeb
SYN-S-00000420,validation,3d04d4d12ceb1d678d83b68327538cf326e16ffea7e6fbe71f414934340e1d77
SYN-S-00000421,train,b623e0ec5260ac94229a66ef1e6d84f1044618cb3a410d40d6bd2c6d776d5ca5
SYN-S-00000422,train,a03809374e0efe16a6d33bb43dfd587321267abb160e32c2aa37a48f0e928f8a
SYN-S-00000423,validation,7be9de59abeea14566d15cf5dc1071540a7ba65d183eaf270ba9d796d7fd3ff2
SYN-S-00000424,train,62509fbec0aeda31e2a459d432a3c7d67f2f85b4c0c083148e7c49c1b079eeaf
SYN-S-00000425,train,0d8b5b9f2d508af69c35d185c92ba7795152588050f88b2a609a75c1690d1da3
SYN-S-00000426,test,5eee2fd6380fdaf28587a48dc2cbcf02d925c3dcf4681f24cd91d0abfd032f65
SYN-S-00000427,validation,1ee6e07080de48fbcdbf2b4d5984b2d409564f18cf567a1cb1c351a1307da34f
SYN-S-00000428,train,463d5c1a653cecd2dd9214bbc1e923927fc77306070c1705c46ac2d7bd951f95
SYN-S-00000429,train,afc1ad81564bb514bb8dce242b9ed3438bcc744c0523b7366d8c5eaaa2565321
SYN-S-00000430,train,5d6efe4b060aa8ae03fc7c08e564533957477a27090eba3c9898517083f95fc5
SYN-S-00000431,train,16602de934b4dfede8c0cdb8e3519e4f2b61cc5f69cf82f6458d70a3d2691a3f
SYN-S-00000432,train,3e410359b5b6835d01a2b71fdf4fbfcdaa316d143a13780fcbbe50de3621c68d
SYN-S-00000433,train,336d0df39aa95adc1627e36d1eb9330f98ea012bc0f85972f6ad6a7c87d74ec0
SYN-S-00000434,train,6a288c0bb0c17b6df9ecec3c899f470024e80c0a8cb9efac24d2535a3fe67dc2
SYN-S-00000435,train,38ca6e9bcdb3261efadfb3f2a951be0ba6b48434f3de701669f590427fa63c6a
SYN-S-00000436,train,41c71ea0423941bb705701fce0399f1e6f43d86dbbea46f8a2f5e45339964d64
SYN-S-00000437,train,cf0c8ae625d6e27d29fd4ae0453946ba7a3417de34f7dc685209d12bfaf13633
SYN-S-00000438,test,b92d420a06403ac8fd4bff1727f6a7211711ffa3ddd092958ec82ae350a3694d
SYN-S-00000439,train,efbf43cc15d2175795b08e1e5f53de4485fc018b0273d32e3a6653531a9a18f9
SYN-S-00000440,train,5b8afe5ff3c6eb4703c28ebb434da0b0446d1021d1bba2edacd4f479f7e6ab8a
SYN-S-00000441,test,c0570c3e085b821d2251c01cf1571d612a8569399a5800dc534b4b8eebbd5de4
SYN-S-00000442,train,ea71e4dac553f54fd937b34fb54c085d44ddca3a5acbb356fc3733cfc4490f01
SYN-S-00000443,validation,1e44018513e67d5705be00cc91b80b6f92bc273ea165e884639fae14f34deedc
SYN-S-00000444,train,ee88e4c56e7b485ebde50b5348185aa9abe64b705c4c86f9c7e54c2247900392
SYN-S-00000445,train,391d995e860854983c8dc208f60e1cbd1d1ed2b11c2119bbd2e84119b6ea565e
SYN-S-00000446,test,70c8bde867171db2a37ac404b216ee5e7d8581ef69aaee9cdd873343579243f1
SYN-S-00000447,test,b99c414e10d6f8196642ae8258c3093816d541f1ef766a39279d06c7abc66eb8
SYN-S-00000448,train,de67a3c7a398eac5b3ee818abc0ae94c3d1404ed6d2d3c87931cb4c478bbd081
SYN-S-00000449,test,90602b07e81248f868a98b520933fe7352080e8093cce6044832d56a7d7e33a3
SYN-S-00000450,train,142180409c539c88f9113811651e3d29ddb61304f08bcd8a4130846ca6b2c485
SYN-S-00000451,train,2c10a58e09b1447634e2513f0f34d0043d4cb6fe63207ccbea19d335470cab21
SYN-S-00000452,train,0dfb9c4a6da36457d110bca9123e062bf0e28ce0bd5ce5fb6bbe4cd1f417f6be
SYN-S-00000453,train,b111e791cd1842fe97b5c1ffa01fcb6e8b9778acba46507d61d3e285ec24f77d
SYN-S-00000454,validation,91d8286d9c37a676b4c622f811227bff940e5ece411e4fb7f3aa29f63bcf9275
SYN-S-00000455,train,aa48a489e546c7cb9d6611cddc726712f4ba1ecc344f98469e906f1a9c8def62
SYN-S-00000456,validation,bee51720742abc649f6877d6a4569a6f5e1dccb84ee69d46c8558e3a5741421d
SYN-S-00000457,train,aab6fab93cacab875e6b42142f5450adf3aa19bcaf8c162e280d60c512c59ab9
SYN-S-00000458,train,5dae89a23cf8e4a19573f326972d0d6f6fe291791d3312d595da4544306cf203
SYN-S-00000459,train,c9b8580e9df0e67e28b77fa26b14df324f921b23d655b94c3d404ed760f1e7fa
SYN-S-00000460,train,52180aced29a712b93dd8451fdc4ab5eb25ea14426d03b58cf6a342babcf2040
SYN-S-00000461,train,1327cf5163acb1f6e7696cd6c8e79df507c097b699cedfd5e78a3becb30efea1
SYN-S-00000462,train,66d88a0058c786b2195fb5762fe60f634b7723b691c8ba7c746b1fb20210aa76
SYN-S-00000463,train,09538b181fd8c66cd63fbeab12cdcbf0c658fde821df1a27b8c3d5c7725995d0
SYN-S-00000464,test,ee1382adde787452df587f1b73dfe8b46403c6e9cea1b600c833a63d27730a95
SYN-S-00000465,train,3547af1a2b3730109fdae742fdcd76a4ab7eaa09a52606b389bd66e728501234
SYN-S-00000466,train,b2a65d099186beaaada5a666d9fc1906ed87fbfebb0be09457b4a36f73180b34
SYN-S-00000467,train,3d166c708a03415aa8652a082c0f4dded2e61493a0b59b8951d3a2db803625b5
SYN-S-00000468,train,baa8572cdc8fa337c0af7db56f1e28c9e7ae296d439f3570dc82a562ae76ef84
SYN-S-00000469,validation,15ab2c4ae6aca5dbabe80a43339ed798a88dc0eb4158ef3363c4d4a13dc70ddd
SYN-S-00000470,train,801a77b79ae7dca20af8595cc25e85287ea3530bdf4f198bda2645571214ff6e
SYN-S-00000471,train,10a52e79e7f6024fd3179e01712bbe6b2cf87c5b185d122ccdfc838b56f40abb
SYN-S-00000472,validation,7b46929b75ec394c8a0a00baa0d1fe2fc9bf94a41a79a9436d49e995ac97db83
SYN-S-00000473,test,03b1628c9dc233afb5ef185f2b7b925c7f837ae558c1b5a63d1d23dc5a7c6c1a
SYN-S-00000474,test,ed1c66ff65154d31654c85838c3e29706f98fa7261856dc8eb10f47b4bf982a4
SYN-S-00000475,validation,d0e47c17cf515eeb32216679ac113c85d1cfd45a19ace5fdd8da7336c189e035
SYN-S-00000476,test,0a7921194b3cb0064abadb1ff0c1c489234614e5cce607d6acc98be303956d3e
SYN-S-00000477,train,8aeedadf467a9b939bc6e0b369f67398fb6955677aa01bea465a7fe6f18e6047
SYN-S-00000478,train,2ff357ae2975c4e68a3c7ddb073926c4bb38bd74c2d75d4f75f8445568b10b42
SYN-S-00000479,train,bb1b97268a87b1552eca56e6973f9915c95a707f0edf9e4081138d1ef12325a7
SYN-S-00000480,train,818744c4aefe7fbbe6e69af9bd88b2063d7ee33d31c0e8af2b87dbd8b3edddb2
SYN-S-00000481,train,ad37b09b80fb7a0c73e74654773b6fe5f538cb89d5b8a6211d19887ff16cdde2
SYN-S-00000482,train,c7529313937ddb8870b167b5b441afaf27a9fabd1c5a489f3ef21123dd7f1a9c
SYN-S-00000483,train,e4ac4618d743cff2e632df6370770162d00097ae6629d1149515bc913e36ce29
SYN-S-00000484,train,65fd1b802a885ca9860cc96a9c611e13027e9b4105e9a818ce19205f1f6d94fd
SYN-S-00000485,test,db5c090f5d7d587992108c56c57bd7ff850cac529717c8cdd0301235eca717cd
SYN-S-00000486,test,e538ddc95e24413e8b924ce52a8e2a425bfc45bbf2d51b7701de8bb2c46805b5
SYN-S-00000487,train,8e66f62f75c5ecded5fff7a1f64e91e85c8d33c3b19a153d80bf53dad02ce66f
SYN-S-00000488,train,5c1cdd3e6bd0929d59443a518c4473078bf99581479917e2eb03cda2b4dbcff4
SYN-S-00000489,train,60b0d00b972a10000cd6350cb5b071e5f5f661da68f7e164ccd967bb5f6198fa
SYN-S-00000490,train,fc0fd454d7627343362b3adeda034d9f5730f3cbd6f13805b457ccaa62e43ccd
SYN-S-00000491,train,a66551c61a7ce293b2c7cf50bfd0de3cac401d05f6b43c759d0a3fecc04899d1
SYN-S-00000492,train,01659b18ef20ff578bd1f6129a0ffe492191b5080bcc057d0f3fe9fb2ee738ef
SYN-S-00000493,train,816b334906d6f27d5632b241c9d9af71319da8c2e9daea6a51ab30a464da2f50
SYN-S-00000494,validation,bff3814e04fcf642d687e071ed6c18f995700481aff7cd30da9ce1fe35dbee44
SYN-S-00000495,validation,11cc405a31c3847a0ee25364ee76123fe6095a61f4ba2e682fef79a4026853b5
SYN-S-00000496,test,ccc9d9f83008526e0ef3d303e8b00733e9a609d1c11fa3bff07d1139752a2be7
SYN-S-00000497,test,87462217f79b4f3fa725cb13eab6ccc06019d701b47c4b80a882b015f0b9e151
SYN-S-00000498,validation,e7e184e0aae108472defb500e07445c50bb00a315e54c81a5291ee0f4cdb9184
SYN-S-00000499,train,7043e5dec8f0a0d3b8067956fce5524cb19607c95533062aed3085c63fa7d807
SYN-S-00000500,validation,ce8cffc673925c9cb8ef28c957e516f5709e33b7458aa0c78b924756780ff68f
SYN-S-00000501,test,470aff4790a8c03774674305044e362d0b6012a2c180a2574d96bcff67674caf
SYN-S-00000502,train,9725bb0b34793d9ad53010f11af6a58a793fcf54cadbbb67b4d01ab87977aa56
SYN-S-00000503,train,ebc30cf44551183f24e3cd39e91e862ea183da7211a8ded990081185f2aa89d4
SYN-S-00000504,train,691d39ee89a53f0ee029ffc6123b830f72184b17e73090a0e97cf4dc3ee2fff6
SYN-S-00000505,train,e3dca5fb883e37cec5803374818474f72db80f2147e92c8f53df3f997fefe163
SYN-S-00000506,train,551188a8e45734d06866cdd8a0007eb1bc9c0f7f83e1108975256bd6d08ee6d6
SYN-S-00000507,train,2ad0be4abc4daea0a0fdf10bcb68645c5eda22122f1d1b76f19d5f74c09b0eb3
SYN-S-00000508,train,9e59586fa3b683963bcde847fcb887b455e86498fe9a37fcb220a3020cccda64
SYN-S-00000509,train,fd4a957a42bf1f94fdb583fb453ade788f365b245d49ce5495ed3d60f0242f16
SYN-S-00000510,train,5ff3b8e34522b9e666ba518c809f8c887e532a05c235445cac0c51481be7c5a9
SYN-S-00000511,train,c83ffc9d667a8cc3e9c21e4af0b31a49235c81277be74b4031b62037615fd891
SYN-S-00000512,test,898c2ad3e49752ab7498cec4ae53a29665af20c551e185b2fcc0bd6dadc13773
SYN-S-00000513,train,b3faf0169e29d965512bd9c02a27ebcb1e0bc7cbd77a46b03bafa708798b54b6
SYN-S-00000514,test,626e2cc2c02a496c2f8f4ca794f65f059ce294da0e1ec96f2e9bfa63116be5e9
SYN-S-00000515,train,97f4ced9c0975f207fe9daeb085204557fcc135af5e5ca056a809b1a1d0e0ff1
SYN-S-00000516,train,54def13b80933750fdce4bc402c37ccdadb3fc1bb4bc64738f3fe13ea79130e3
SYN-S-00000517,train,7f7befa7a76917290cad150d3c815f461f20c1d1b5a4ec6b8d939d6e2e25b227
SYN-S-00000518,test,dbb7e75b4bd8e22cac5e5ea791060310d6bb5aef004411336a2e4c8ba971ff2f
SYN-S-00000519,train,e9ff63ad7c1b42f8d8adc67e0ea5b5e11740655064b88893781facfe1d69464a
SYN-S-00000520,train,ded9519a94b11e560cbe804e768e9011cc4cb64fed0bd1f3ded3b5b01c4285f9
SYN-S-00000521,test,c9878b58f0b451829faf7cda25221ed5d571b267fed4da41e494176ceef4e47a
SYN-S-00000522,validation,c7f1c29ae45eaada6a9d58dd69e16a875601a0deecb439e22a98aeea9a6941dc
SYN-S-00000523,train,c3561ff43989b433f6cc3806f9a650a988a5e19ab228edc6fa4653638b684da1
SYN-S-00000524,train,1f7ff7498cf17806194d84613690eddafb62650c5302be8ab42147ae7e89327b
SYN-S-00000525,train,4b1fd38279c1e93e7cd9a0c1e2f58e802833f5e83308f97e11fa19411ce936e2
SYN-S-00000526,train,3089eeaaddbc3672f187faca0e62d550a17e95ed1e6df7f20f6c2e8a6b5a2c71
SYN-S-00000527,train,7e467cfe5b74b59288d6387e91f398ff9f1ae0e45e873465cd56d3de39ed2cf6
SYN-S-00000528,train,fc41e58a595a21a9131844b3c659ef53c17bb641c92f163f0b43c1319ef9abb7
SYN-S-00000529,train,8a3721a66b9939a7d013d4e7d2909a6ceb9da70365f258338d4cdcb20cf32b1b
SYN-S-00000530,train,c8cad544e6ee78cc5b33bbdef0b0c92df4df83fa12fc0b78d11d9d9d77cd7986
SYN-S-00000531,validation,e15060f5371ba146ecd815f3518bf8a37e52d680f23dbbb09e8a005a62d2d627
SYN-S-00000532,test,0dfd95e21d9c89145d6b78b453c99332beb62be90560233038c7038357ea1ac3
SYN-S-00000533,train,c5dc5c1656c17e25387446e772d504304fb317f93860d2d86c896e19148815b0
SYN-S-00000534,test,ecc54622ab9e42e185dedaf591b4b7e3ee8e9439deefe9de58b3cc69a8ac1aeb
SYN-S-00000535,validation,166ed840434e485e528ce518efbcd2f36be891a980e13aa6c2c877b529da3a39
SYN-S-00000536,test,d6a2de3b8bd6e3b16faf96014123d2b97516c2eab53622964a900189d331c332
SYN-S-00000537,train,999e16620c7816e845e7b22f3897f8c3daa05b9536f243439a2b2d619fb25f6e
SYN-S-00000538,train,07e142a2f729d22b404b7701b31b36ed2e9431dff2abb989b68270dadedf0fb5
SYN-S-00000539,train,5f5506574f241e0191594c5c982b927f5c0cc4de7f4fb2590e04b52e74dd4242
SYN-S-00000540,validation,b4db8d2c48327f51cf9ed96d07bacec68ed5fec03d02e918b9cdda9ee4497938
SYN-S-00000541,train,4bcbdb4da007ab9bb8ea2f9294a716bd1b7a2c1b6bcde1af5fa5db9757b8b50a
SYN-S-00000542,validation,4c2bd2b82394f2da0c4ecb5e7924331c9323d7b57c511401f91da6149acefcfc
SYN-S-00000543,train,b2feaa417459922646ded0a9e0c97a75d2ae7f993ceeffb82861a9e178862c4a
SYN-S-00000544,validation,1645ed975e3cab4411d24567efac68b94d8497543bacca4f9e241ee90e9eaaa9
SYN-S-00000545,train,2e77c72edaabb800e47483b9ce834a3306ebc60365c1ba1ebe6d170e0cbda8bd
SYN-S-00000546,train,7b7adf355f81aab6a48713155d495c19c2f798dfc9186425265fcbe0714efabd
SYN-S-00000547,train,398720e7858bdfb84982f1ec89c588e2c82a3567b904a2cc585160293d95c982
SYN-S-00000548,train,7e6c7b22f55b32f25936a30e03b1f0b199daf514224889751faabe4b8d3f810d
SYN-S-00000549,train,729b470eee84782123a1786f4c79eee451f4b1d6a8ef6ccd9d83897c6adbe125
SYN-S-00000550,train,b9bf16522e69d2010c786c1d7bc92cbeca76a6d1f234e2f3a6f4b73eecbe4c99
SYN-S-00000551,train,247630fd857b882f3d1d68b9daa436d1c6b501be1180dfca1f247647bd626446
SYN-S-00000552,train,0e024854e9ac2819826dae4603e94472f9bb807e26e94be8e61ad19cf6515d78
SYN-S-00000553,train,e8c9cba51866c86325f1da99fff9b8ac6cecb60ca13a138f3aa5ee824fbe489e
SYN-S-00000554,validation,295f883f34fd55db790dad7d92e70629d8d3d325ecba05e826debb9bc6e88525
SYN-S-00000555,train,380bcf3e2e9f569801c61898f3f63bc2d249e68bd50b591d431b79e89c5ee325
SYN-S-00000556,test,2f66ed92e033dabd17403f838781d1368a2e9475eb3e3279e75739052bfc0488
SYN-S-00000557,train,e9e4d865542176c71f4315200c7bf12ca4b5953297446dece4d2cb3b5abf0eb4
SYN-S-00000558,test,0c8d77db12bd62a3a1d2f4e0671afc9d09588232547ac3347058f96e4f3b8f84
SYN-S-00000559,train,b8911995117be29f4f3ed85147b32506eb6960b6de290fa7eef580326a98ca06
SYN-S-00000560,train,880b5365a3c112b5320f15c027afb13406ffdd6a35740b43c37874c399985377
SYN-S-00000561,train,355270f6cd1410b796d6e65cfc4076084b6ed180cd590e6d95e485c2abea7c8e
SYN-S-00000562,train,c7fae393b2a117092ab14e15f84dcd0b5b3bb3dc03147d116eb2be0650b85262
SYN-S-00000563,train,3095b56483d32a0e6e1396b44d12413b247fe8f4fdbc6572536e27714ba19d82
SYN-S-00000564,validation,2657399d206524e0e755d7ddbc26be467aebe0043af2aeb7a910170cbf0d89b6
SYN-S-00000565,train,56edf1f871b9e2599d6978351d94d9ebb72d647b92c16675367ebc1bdffe99f4
SYN-S-00000566,validation,3dada71508aefead23242833756d638486f4a626aa3146c9b344a88065198658
SYN-S-00000567,test,45bac48439d19d130049520f1a612e1de6ce34658410e4952dd422a1fc3c91c0
SYN-S-00000568,train,ee1732ef715775111b32775173bc4db99d44f67d3247636062b47556144085f7
SYN-S-00000569,train,954ea749190cc26770cbe16c7994ae1c7ada14c51a28fd795f9c13e4b1523776
SYN-S-00000570,train,ff7b046780aae3cf8e5933655ef4a0395b43a3bcfce82a4a9eff4376ef0a69f8
SYN-S-00000571,test,25ef3a76769f23c48c9d61f636c7d61f79dc04d1e836bbc9f1ab3ed7e55befb2
SYN-S-00000572,test,c3898f76d596e4461b830ccdf733816347975ee94d071ca0ec055022b28e8596
SYN-S-00000573,train,ae2dff8194c9061e5db13cfba115d897e0c55a5167e3625266da34678ac187ef
SYN-S-00000574,test,bfb0ffa652c9e1423e380b0b3a34e1d09348407e77114d9f9ba32a6851768198
SYN-S-00000575,train,231c25af693f74aa9164fae2e2e53bab802e6674b7a6b4846a9feb86537efe24
SYN-S-00000576,train,721dc96daaf981e944f73baa30f5e98ea946bfd3709aa74048c1caa8cf9fa3ee
SYN-S-00000577,train,3da0d23cdefa438911a1fbfff3838a17e881dd2f880727ea273db32ce0fa7910
SYN-S-00000578,train,575b7c5da22a2e03a606931400eb8865592fb179d0c8793ae31ebfac6e5e0818
SYN-S-00000579,train,2247310dea2cc76310b759622dd2baa4e73218440a0abbbbd7bd119cd4ae3c69
SYN-S-00000580,train,333a169853dd9b6966149ea4f160952d19d6b5141982a1310f5a159852eb2fb4
SYN-S-00000581,train,f7982810e7773e162d406873a3169bdf2e21a403e8f64a5113f4d3f10d34fef2
SYN-S-00000582,validation,77be073c52b56ef26ae3963079964f4c06d9d74118ef61f0c98cc5961c392786
SYN-S-00000583,train,ae2cfbbf1ed58b06e49b06f35fbc5e4c7dd8d63dbad172e8e5adf5f891c747d3
SYN-S-00000584,test,782ca45745d597d08fc7f0e04941b197fcbe1e975b0e7c1e1be9814030770b70
SYN-S-00000585,train,8986606ce6b86e5a543994d0a9b3bd88685e7425aa41a55e7b7f3d50efe0bf15
SYN-S-00000586,train,ecc9d26a29cda55095f7f7b84b9902547b0e910649d23196b2af65df17fe62e2
SYN-S-00000587,train,2fde1a1658279230c469ce45313a577605299907d987b6022ca3733c43629cab
SYN-S-00000588,validation,3930ecdfa8e18fab5a92ec9b59e9ee563ea459c673f4f817e4b4ea9b99697337
SYN-S-00000589,train,75252b3993bbad31dd4719d54943ff76048d03d812c7caa13cbd9af75c90cae9
SYN-S-00000590,train,8f3ded04c1d27b037f6a6ac1e2d21ad22941200675322e4f387abd32055d872d
SYN-S-00000591,train,f850c115174c061f2a92ed0f187aedfcf6888bd14a203b0c9396bd43a28c5d5b
SYN-S-00000592,train,f44c5f4c3d05ade4fd5667f32634c549da00746087abedceec62f99da976f09f
SYN-S-00000593,train,2db88de0eebf158ccb96149860fd98e44c87a5d1a4ad5a00344e940099f5adf1
SYN-S-00000594,train,3b86e2864752c85622e9df690f2ae6428856f6b1765b899a75850a3086fe3388
SYN-S-00000595,train,7c77d205d7aefe08fd7765440c9b7631389b1b6879946bfd73ee4ee87558c89f
SYN-S-00000596,validation,555a1213ee4e301b49cd4eef8f0d2b1d019183c8dc48b893d7e4144acd5b95a0
SYN-S-00000597,validation,67149b444ad9d4a6e889b841f1d9460ee80171d62cf4976ea0674c801448b71c
SYN-S-00000598,train,74118f300f1283ee2b957d1f4d110b4ab1e53cc07f250c72190908802ffd715a
SYN-S-00000599,train,14107bb2c5ec5d4dee5b3e1bf0ae6b2f8d4916c47da11aa5f6201e038931d464
SYN-S-00000600,train,6931d81beae7e182af6e7abacb7a0ecacf00045f570add6d38372df8b78fdd3a
SYN-S-00000601,validation,59febca7e95580540dced9d6873e47c44e9a0187539d120efcf5c4ced76e0b62
SYN-S-00000602,train,948babc8e6cf9b181c010198d49a84c9606db2134ffbc885adb2d51e8228a426
SYN-S-00000603,validation,bc86adf63578fdc46e26fb4f96bbd8b03b6931f092bc59a008448fbc12353d7f
SYN-S-00000604,train,ab0ebd6b2d500a9ff7f765e46c68197b7115a87aaac45bca13ba473f8198b713
SYN-S-00000605,test,d5fa358b89c6e736eec76c5213f89c44eeca18fa691d3cab04607bcee1ca52cc
SYN-S-00000606,train,71f53fcb24769e5f97b48a14deade2ff34ac40c30be31a21bcc4987b8fd998a6
SYN-S-00000607,train,e54e71e2f840bd218c60e0e70fb4ff0d1339f072d21637cc3120bfb741b02497
SYN-S-00000608,test,7a13846ba5defff26af1cbfd19a2d575acbe106e02f2e5cf7038e77f06af0a0b
SYN-S-00000609,train,506ef24a4998c6a4fc77c898b43675d79a441238ccdaf570850ccf0712bf5b42
SYN-S-00000610,train,2ec4ec8c15a41e4e61cbb0adbd89c2f694596b5f22546aea98f4a984c69e1179
SYN-S-00000611,train,1bb58c7fb7db85f46bfa6c3168e78dbf937a159fec4d6e39d779083317e815e3
SYN-S-00000612,train,997b10e9e0629f64c19b96c6f1191e9b93ee8c02387edce890b383bae3ccd755
SYN-S-00000613,train,44b0dcc04341d6bf889d3488616851653c185d2a2e7b5afa43496d4fc077b468
SYN-S-00000614,train,773db48b74a2885837f1f976eb4df0cb13bf02086cf1c741be3ce4b2c424587f
SYN-S-00000615,train,80cd2f5a8854c01966fbf9ae8fe2c03fc4617da84ebeb04bf83aa120554e486f
SYN-S-00000616,train,2d18b8b131b875f1246a66e4232897c02adb950b0b09a54c47d0913b5e0d6dce
SYN-S-00000617,validation,59d10b8550c037667d0217826572373da9016f569ac36ff2530efc1bf1e89a6b
SYN-S-00000618,test,0c9bb3dc5175f1d9364bae4e1567f047c7e3b226af56069b7ded4de13fbcb6ba
SYN-S-00000619,train,8e33945f2f928f04fc3f62a6db9d0d062ed588af79f05fb3fab349f02009bc55
SYN-S-00000620,validation,6ee47e5c77c9531b3546e0a57b1241678cb75dbf6107fb95ed0022ada3f99e8d
SYN-S-00000621,train,23ebc5b4651c1e57e3846b98f4a67a04c6985be609ca1144eff3134cbe4c6b3c
SYN-S-00000622,train,f7bac918e65caaebce79ba11d9fc815b533f3429c69d339358470fd00cfdc3bd
SYN-S-00000623,train,f0f504d5fe0a08f0295e4120ca0633ca244be833d284745842fe077d8ac38e1c
SYN-S-00000624,test,a56bfaefaac575feb334159c1c5ec0abf87ed089b48b67e565f5aeba485c479e
SYN-S-00000625,test,2e8b016bb213190e7886f856bef757a99b58e3cb93c26524563a89166b2aa194
SYN-S-00000626,validation,9dec9c465ffbc9352a5f6038498d0015fb891adb1b3593ed4e311b34e50fd8a2
SYN-S-00000627,test,7ffe6951e0f1cfc59359f3fc6db2cd16392ea171bfe9f19ab0842e5ab6236e29
SYN-S-00000628,validation,33b681c49a34fa194056a30cc6a4bb3993d652cb9a03797405ab8a4ec6b25c8b
SYN-S-00000629,train,b19a074724c8b8f0117044f2090955b94ad0ef38e9720eb0114dc7f24af01305
SYN-S-00000630,train,75f4e6ffcc49f5ec0210122c14a66d4eb15f67142ba7c466c880ce42b3ef53a3
SYN-S-00000631,train,58627ebfd191e3e3c501a4fd02a3a57a859cd02089ddad057ae2a409df6b8d6c
SYN-S-00000632,validation,9c8150752d2f88c98f4a8db7ab4c88126ca84f3f3538d3892e3fc6697cbc5efe
SYN-S-00000633,train,48918c75e1c2d729a3d62fea630050c1a305e23a0bc1b8a664890754a8dbb08b
SYN-S-00000634,train,4f10392bf68bea9c1a70320925f79cc4ce978ac2f49c24a6ef5db6c8eff28af7
SYN-S-00000635,train,23e392af08197baa66e26186fc87d80343fc2b8968c658b20a2352466ac77890
SYN-S-00000636,train,c4a625065aadd43e68e51a67a2023d9cbbc2a96a89ac5c8e313cbb6000f184d6
SYN-S-00000637,train,1c56f36783ca91d94cf9b70ef8f3ea0586f175f58c883054638d8802986f9382
SYN-S-00000638,train,a854b61ef117400d65921fbe565221b588f492457ef185ddee33026a4c77388d
SYN-S-00000639,train,57db26485d5bec0f7baaa20e1adef2442ad19be655c0aaa0e72642549c24b02a
SYN-S-00000640,validation,7671ada5fc86f739a3c27e368387195d9003e98aee08060223c9ce18de57aa33
SYN-S-00000641,train,5b09f608907aabdc1211158a71c7768d5611d23a0f89127529536bbc080fff57
SYN-S-00000642,validation,a30cb14e830396dacc922520ce15f5beab55238df74b49f3400197175590ae9c
SYN-S-00000643,train,989dea721c13eeb079c23abd6bd98bcf2c9e2fd7985c52cf330a78a20f2566d5
SYN-S-00000644,train,2042d24b0dff24047c056e1f6af5e074d32e96cf7193f87d0914699daa2102bd
SYN-S-00000645,train,b1f4f029cb496800a087d691d19568b233ffd442fd9d0514914b40309ab7e48b
SYN-S-00000646,test,76eaae1a4ada8046062b80d565fe3186889b90e240968d50531d4b8175636967
SYN-S-00000647,train,d279e0565cf7a9cc1436caa7b06521f4293b499151e13b9b553ee187645720a9
SYN-S-00000648,test,cb4a5342bb8f38a4bb5895ccbfb4a2c0af1ba78c0b4188f20a12d394b8502b03
SYN-S-00000649,train,6b674e73cd840e0ee9c37601f29e645481ed1ab58169817c71775f99aa2a047d
SYN-S-00000650,train,7bb346735b422fb9453928a70336ec3815e9a95db94169d261bb4289397c5b9c
SYN-S-00000651,validation,69c5a12c84f0167ea7fa804ca020af9e88e03866334f0cd372f5bc1b5ec8822b
SYN-S-00000652,test,ef50d929afb95f05b90cc22975bbae2bd2f545b3775a748dc226107c63af16c4
SYN-S-00000653,train,bbfbeb94bd7e33bced0306bb32e53c1f9550ec30f6a6a38fbf7ab2360c0a992e
SYN-S-00000654,train,46b3e004acdb77b55dafd236878b984b52e200930e3ae29628a39a64ca3f6a0f
SYN-S-00000655,train,92555649c621bf9e74f2b9bcc2cea957d8a466d59679c417742414cf8233e0d6
SYN-S-00000656,train,b96424faa5719c8fe8ed70b14ed9f6ae4205df37f2d1c311ee1cf3db8697be45
SYN-S-00000657,train,6573c5d7e50c5311eb6dd97b82eb9b7f271483a25902a79398a176d36db66357
SYN-S-00000658,validation,b3dc06c88e30f757f702eb3dcc2fce6b0a434663050b46c00059d05c7741b5c1
SYN-S-00000659,train,3698cdf46cae19e2025da37a499a859a0ca5bb6fc6ce2268d13ab9963c977d35
SYN-S-00000660,train,3b461ff183100e8075671675b6ebf5f5729814fbf4da5d3af6f6147f55960256
SYN-S-00000661,test,11a76ee25b0c908c77a7b0459890735a2a14407a6769036e92048066e52f7a4d
SYN-S-00000662,test,535b52f200ea4dbd344bcd8ed42de4275c6843b72e6dd4c355041e77daacaf11
SYN-S-00000663,validation,5ac7a1be2051112c54ee26833c8c39637bb5656cb244e5441c10544d60205593
SYN-S-00000664,train,61c3f3572bca28ae058d938b110165ed83d54be224e312d91c777d95ab13d7ac
SYN-S-00000665,train,4e034489fd6865dd46edd9424edb1fa7386cc31ce0dec81cc13dd451d9baf906
SYN-S-00000666,validation,b353b19ade814a7e839074b5dafdf837e5029d552d2e8548d4b2f8526d6153f4
SYN-S-00000667,train,7e16827940b1007b2cedda4c8d63602fb565a4e5795adcb93e8bfbf4bdde6a14
SYN-S-00000668,train,38dc5c0edc3541dbfbb827a468d85294b5c5ddd283e73f60d94fbfb91fd09485
SYN-S-00000669,train,befc4f0972aacc6a4e6f39d96d2ac4a3cae7a23451c3c08f0e0d10907ac60ba7
SYN-S-00000670,test,b8bbbffd3c1bdb3f9e7ebf4bf6e4e6cd2e19ac23dcc3f3dfbe1110c1d222b727
SYN-S-00000671,train,8bea1ced400be4068637e19c1d1a03fa1bda0865c5d8c13a45bafc7c4e43e681
SYN-S-00000672,train,649e872b3e465c915b1d2a5fdd1b6ea92eef9787d29f08ffd7fcb89b66083ca6
SYN-S-00000673,test,a9e0ee6c80c40c06478b26963fea41cf9dcbf098f99f126469cec6f6e87916d5
SYN-S-00000674,train,7698fed75711143928472019587cb14a0e361dd856e3338299787d555aecd948
SYN-S-00000675,test,5efa0a09179706b274272cc0928b5ae8fccec64d65fffd739d3cb7382506bb81
SYN-S-00000676,train,a2878ed2434d59ceee57adebb296923ff8612e96a5556ff7840dc5229b816cc3
SYN-S-00000677,train,3459888e9a85bee018c7ec32069ff94e8e3f22bc0902d38ae69d473949a8b90a
SYN-S-00000678,validation,19a53feeaebaefd2b63f83e0c2dfa9dbf123c08399c164f36020362308c49875
SYN-S-00000679,train,b80fceeca6c7955d6c9a246dd6b969f5fa39ce3bdf72b0be7f2d058319a70070
SYN-S-00000680,train,71ac6e5eb3245fb1a822d0dcc2bc53308e0d1772bff05fe2c16a1cefc662017b
SYN-S-00000681,train,132824b0ca8caf49d60226b061c2d30cc96df2f37d55e0e95ac600370b299239
SYN-S-00000682,validation,8c9ae0eff987b6b85164b3ece042ab5fc2fd9310993392a4d4e805f856dec7f0
SYN-S-00000683,train,b71f2c366243b3610d5a0015a07329da22b19594bf42e82586dbf413ac57e179
SYN-S-00000684,train,3fa4aabeddd962cc0b498b9ac4dfd1285de37ca43cc4c75ca5a777e81bd8385c
SYN-S-00000685,train,9bc13b62b702fe4627a93ac65de4ae77903fb0fa9be2c74d9b70f303c638fe6a
SYN-S-00000686,train,99abcc7ff4d00b3623380010f846dcbc48e0336fe8d0a8c8f89897eaabdc1f4d
SYN-S-00000687,train,8c2b249349cd403df3b5008f8399f0f14a25b9f21de1836e4409024498550a56
SYN-S-00000688,train,8d9ce22e43a341ef2b722b03af56fdcd6e4b4f918f994c16dd95f70ada66f937
SYN-S-00000689,train,a5c140c94d826d67000eea08c55e327c7d5373fb87c1b93776e6573ab661cc14
SYN-S-00000690,train,52d0db9daa33abfdff52792b54e6c1370ae8f93befd7a90c067943a67cc6afe6
SYN-S-00000691,train,df7882358928bf07d7d001e50b704203b4264a70beb83ab68e6bf131bfd3632d
SYN-S-00000692,train,36a8a2e768f8171415cc85a16c16ad1801f3d7c0729ef8c8f6cac0af5502d805
SYN-S-00000693,train,b3c56f4c0954e7d183812c79278de2809850536fd4c524d4a7b365a7546d9a2a
SYN-S-00000694,train,9f6a4b0a8976ad3db080708cd7809fb95e5cea988672730ed724cb4076d9a070
SYN-S-00000695,train,ad399886e0dd0cbdc8a0c403c5af0e892f044aae289b8b9eb52faa9036bcbd19
SYN-S-00000696,train,f75398cdd597cc7d0890d9cdc16983f61484f15fc543ed1b4973cdf38292f0bd
SYN-S-00000697,train,225049eb0a7191c028772010df46772b40d3d481269157911b3371775137e789
SYN-S-00000698,train,fbd5c6f306914bd1d7b167a4be0704ed941f2b586b7d40cd77df33acb135ee7c
SYN-S-00000699,test,1a431cf71b13ec65871bb9df5ca37e7b8645e1135eb15adf10ce87998b36790a
SYN-S-00000700,train,b0dcecdd8084f6afe2ec24a39107ae2fe705b54559a2b662fb10579ddc72e70c
SYN-S-00000701,test,affcc6b34f0918692167f729ab31ada512de90a2fcaf1aa954731e05c7c1027b
SYN-S-00000702,train,37fa6b9967a70e47e80da32b40088c197152211ca6eea7944a403b5f5a25e158
SYN-S-00000703,test,5f7e5ec3a19ba362186c526c6e82702dd0f1a8e19fea7a3678a823b3e93a52b5
SYN-S-00000704,validation,88ee620594433aad4ca2e53433acd7fde68999be6b0cc29da78edcb6617235f6
SYN-S-00000705,train,2491848c514d416f92a0abd2ab94e70881aa02f6d4c061f47ec81aa327873d12
SYN-S-00000706,validation,1a2dc59fe91411357226e239e700f03e3d60c1714898ff839923c3cdcbe5bfeb
SYN-S-00000707,train,f47dcf77a55f9080b49bb614e219a4f583f4ed2bbd243ccb5ace977d9372b6ef
SYN-S-00000708,test,f372a86a4450a91736dab7b77083a134b327d4736ee7fc456068886d53705ec7
SYN-S-00000709,train,e99257bf9f2e34224c8ef45bad697dba166cdcf17b724a7717245e4fef9629bf
SYN-S-00000710,train,d93f590826f7081f99be7a639d3562964c29c51c998c482013206c4198824c45
SYN-S-00000711,test,49db77fc011e580d82e23685f7acb108f78bccae0cc0741a8fd704563f62c915
SYN-S-00000712,train,7b832e62efebc93db6534220dd836b2c912187b7fd812da2964ae44d783fc464
SYN-S-00000713,train,df8cb78e49e2089f1ffaacdad98053d33a3454accd2983dbef91b1d0712660a4
SYN-S-00000714,train,f24ab4fc49e6d212d643833704ad1117905d416115b2312bef8919356e72de6c
SYN-S-00000715,train,a85a4093753592db5c8d716dc86672390f287cc2ac17e24fae6efcd1278163f7
SYN-S-00000716,train,30e85362c70c4fc41487e742a92b643979ee6b4d33ed4547a734a0a24acd2828
SYN-S-00000717,train,edb0f331f73c73525fc9c620dac8337a52b9f3911473b691781c878b7dbdf7b7
SYN-S-00000718,validation,620e3f1098b218de28181334447b3bd63802ddac8b9e750e5ec9e55bdff1e44f
SYN-S-00000719,train,c5c31971dc0fc4c62db7ba7c26db6e9b0064f9b661b5b1e22a9d1193b4ebdfdd
SYN-S-00000720,train,7c3dfb85905188264d1576f5101f34aa901fa7721485e68a31e69095d017fae7
SYN-S-00000721,train,592e47a238064669766bc51f923b2123ced0d62c4852e49b96f7d7aef5a62904
SYN-S-00000722,validation,29e13b887022a9bc746735e0311d3d82a3bbe0e28f62fe0683d86f69d7bba809
SYN-S-00000723,test,276f83b937da3ed2695d8b723264a8a65eb9d5f8533ad6e5d0454d152afa7dcf
SYN-S-00000724,train,62c9c1fca1be7dabe64092ff94bfc078dd13aee82820fb93a5f3ab3c2495fd65
SYN-S-00000725,validation,46824376ed7a16bc97042d7ad5ff715ee76c2ed46f34b5a8cc474432497d8d0e
SYN-S-00000726,train,a19d9779f09fd4d462395a27f12bf269d8bc7cd92c87085f63a918df8f120b1e
SYN-S-00000727,train,291f7e2a2c6a90147b785bde7b48aad3950604f1b18b232b4af10b128bd7e53b
SYN-S-00000728,train,72dde6d106a4cb42bc80229bea4b20b0dc122030f719d960ccd457a43594233f
SYN-S-00000729,train,77cb06c41c1356ae0be280e9434231f9130e9ebec732485508944224afa63837
SYN-S-00000730,validation,2142ee79bd43149b69e611421cbbd50bb81ca7d3ead45741cbdd3ac4e2a95b47
SYN-S-00000731,train,1a6324c47542ac5a60a5df721312c0a0d03e200ada96bd20148c45ee246a2973
SYN-S-00000732,train,aaf92f672efdb04c44df04a9651b328599acd3a31d6a66c6b55291b736ad6254
SYN-S-00000733,validation,f2d8cbfef517de70f83c90265e277d1993667465ddd9e2b214889efac38223b9
SYN-S-00000734,train,f88ac655ad2750420b7588293648e3c3418e5afdfd68f7e89944092cedbdb387
SYN-S-00000735,validation,ddc09ed8d87285476b91e4632f76715d7f97936ac948ab5eff77b543b2e43a6e
SYN-S-00000736,train,f92d569e998fff1c201882decec27064a94afd21e1608fdb5c274e287de82f9e
SYN-S-00000737,train,c8768626302f57ad1aed615e4de7f1726076e6081bd36c8b43eba4a7fef08726
SYN-S-00000738,test,662392664db36cef195d3fd5a0d5fcb0757ab7585f52c23b4833b91da35e0396
SYN-S-00000739,test,f1afc2ced238e3c447507e29f3d6c75e0e67b97d4831f5255e36899dba11cac4
SYN-S-00000740,test,33ba91101c78f92e907ba71da1ac14306f63ba14427d872d6d8e93c188d0f874
SYN-S-00000741,train,13c208158a94dcb1f928277ef47bae89c90ba57e7237fb93ea4951148ca0083f
SYN-S-00000742,validation,b878f2e3bd53311b49257e7e37790435f3184c736ff2b2b4eaea2fc6d8dde445
SYN-S-00000743,train,060cfd054be345dd574a60722e25ae48690eeb03fdab93d07f3157b248bd196a
SYN-S-00000744,train,a412fc43ca2ee53a553535f134fbf4b99a5e19df675bf46d33cfca9222069031
SYN-S-00000745,train,c9322b16f9afe9a08c58afc0837edcaf6921606b6cc1bdd01e63df3e7052402c
SYN-S-00000746,train,0b3d3a775c4b810a09be06e053b7c72f8fae5f1b11ba20c80b56c70b373dcd3b
SYN-S-00000747,validation,afeeeb1ccbb2cdd338bdec52ed9975668e601ff2219356ee6c5436a7defb9c78
SYN-S-00000748,validation,f5fb9a77be99b07d7b3fbb4d11d8fef401ee12d8445e3e7a4abc707e95e0d8c7
SYN-S-00000749,train,8160b65da4427a8ec1fb72255a1b4f88a38a06a636e5c8780fb95736bd86f811
SYN-S-00000750,train,72b02e41d919fce718a564276a6734fa41575749b915596b057451aab999bb68
SYN-S-00000751,validation,396ec803f78eff6644d8a57d639f7efe5130160060fbc9e08a4619e0aaa34858
SYN-S-00000752,train,a2c5ea43ad854b64fd2183d33d96a298749096b81a7147223f1102662d82607f
SYN-S-00000753,test,78e8d4bc023155e420959ce1abffef1e8254bef88fcff41cb85eb18af71a03df
SYN-S-00000754,test,2350a2f6bf02cf198a9e5dc691902a6a4cad31e6c8ed936de79436b01f8f0622
SYN-S-00000755,train,1743e81eaa08de44acb9b1329ce7ea7b23b9ff7c88e4646cd52165d2190f84bd
SYN-S-00000756,validation,d4ea4da0d8191d30038594e85dd6c6ac07c4c34a32f4cb7560c06b53c2fd3522
SYN-S-00000757,train,5b8df59ca06353473b84a00bcd77c0d4ef4899bbaccec44e9759e8c3d97cc336
SYN-S-00000758,validation,01250ba0b2eb2e4d6106b7d4eb6ed295f95a12287a6ea273a16d957ca1ee82b0
SYN-S-00000759,validation,a893b2c9a0eee4d7b1d3b122448ab74dbf58e93466047251bf4898e8698135e8
SYN-S-00000760,test,39bd707f64aa48f0c32f088b4770e15dc8dca3719c82d1b86eb89f51c9cbb238
SYN-S-00000761,train,55f918d334be5aa976993b6b2802a53f0c14a57ee3745a22c1f00b1dd264e692
SYN-S-00000762,test,ec520f9fd3c258e610723309bf6e1cdb830ae3e92411792baca73b7dac395011
SYN-S-00000763,train,25cb29166b16cd4644954409d86192f5f1432b4f9628a9b90dccd408eeb646d7
SYN-S-00000764,validation,3c0a0fc9156008231a4d3fc0f1fbed8fada250bcd20a6c2d0b8cd8e626815e0f
SYN-S-00000765,test,a7dae367a76c7dac333ba9423af79b810b04aa4861d33f7161a47decf0746c41
SYN-S-00000766,test,70d2331c12b61211d425dd0df210d01823b945238d3bea6f1e190da5a5226ba6
SYN-S-00000767,validation,9344cfaf838dc95bd5b73cf03a4eb4980a0de58a78c99fc0296cfb7e11771fdc
SYN-S-00000768,test,9aa0b428b1cbde1a0e5e6df3b4b713bf46382f3e0b8c81aa9aade14bbdfa0163
SYN-S-00000769,train,8a7cc0cb6f12295d5d0e0e5f417fea8c9213fbdc528c85f88b1c4df4c2aff46b
SYN-S-00000770,validation,05c56616a8e0908a392867eeea9c3fce7f32842dfd701aec297f3ac5ef1de77f
SYN-S-00000771,train,2cb3486a162964f8bb5eec4d24e07b13a55fa23e5dbdd3b93a55a9da9271b3b4
SYN-S-00000772,train,f197db3a607c427f0bbbfaaa3944fd5e376be037abd86b1839d3c4a5181d66fd
SYN-S-00000773,test,1b5bf7d60fe83bb4fc86fa36070e29b4a06291202d7d8695b9188559da9a380b
SYN-S-00000774,train,018dfea3de89f7f8e4596259c39eeb8e4fab49e5bc6f9900c5f0e5bd38dfb7d9
SYN-S-00000775,train,cbc456b3a46c7f5b8f7af8ead97375697814422f1a60bb95ff8bf16178ede4b5
SYN-S-00000776,train,4dc6ea77e354b5274073ad58a13aaa5611666287c9f0185991b3e733210f965d
SYN-S-00000777,test,f70cee56dfc5015c9b06ee2b9fbce094a96beaa2be57395a3b993e055066d0b4
SYN-S-00000778,validation,a34b534763cc8c968054701e9e416588c30a3ebf76e0fc7a17882d0adfc8e3ef
SYN-S-00000779,train,31e7efd6adb7c6e36357090bc9fdeadd4183215a7909f35d9ff6a49d31ec37d9
SYN-S-00000780,train,606abd4984beffb811b9e0e1b4b6ff3f2691af731de96c0fc34cc94ef0308504
SYN-S-00000781,validation,1b7e7cddd39dfb6436c9a4b51f3fe1d4a9d0cbef95c12eebb8f3eaaa920abffc
SYN-S-00000782,train,2c5f9109d989c7a65fffdff3144cffdc132f1a15ded425abc85b275fb098b265
SYN-S-00000783,train,9e5149546b7c41188b49fe4def845ff7f8b922593505e5dee7c980a756ca1a61
SYN-S-00000784,train,23c07d3fae3bdbfe708b918dc21051bb75098eb5340584018f0abffd614af1fa
SYN-S-00000785,train,a66bcdbbea2026682cbe91a2f303724f34fa3946f96b858a3822a419c1d58864
SYN-S-00000786,test,92fcc067d0b81fc2f142db8333699cdd049bdaca832ca756347f8a538273fed1
SYN-S-00000787,test,ddaf864f19c3801f8f5f24cddcd2f879a3a259e25e964fe34a3167b74bbfba30
SYN-S-00000788,train,07b37eb580529d6cc98ee785029fbf7afcd01d34f4cb0983721f8f10aa392f5b
SYN-S-00000789,validation,544447dc7fa3608cf2c1f673ccc383cc461830789dd6f357567212d6a3cd2e7c
SYN-S-00000790,train,51a6c561862518c4bf7696980fc50bc94a4bd3571d2743ffa0acad74e7e47588
SYN-S-00000791,validation,e5098b9c6011c5d5ba9a416daffb0344f3efc1d904109959dd14870380985278
SYN-S-00000792,test,d37045b387b020c6cda17aabbe2526cc4c46372c6459efea3ae8604463e0ee08
SYN-S-00000793,train,e98c52d7d3f85aaa3def6cd8928fcefb64a39a1553fc4468b4d33edeb7df6eef
SYN-S-00000794,test,26a671cdf449e8db6b8061fcdd673c9a260aa956cb88545fcceef1b35a714cb4
SYN-S-00000795,train,9e5f8fc040ff0d272e1a8045ada4febf523ec75d7d3ee567c93cfb078de73714
SYN-S-00000796,train,f882493e2d3801ee1c6a66e89f884678c3cc47304a1068e68c36442cebd32d3d
SYN-S-00000797,train,9f81103ebe7441ee10141dd8be8f7f6a674cb71fea094d19f6996cd887c48a1a
SYN-S-00000798,train,873a1daf342550b9b0a45052485995f08d831f1c532cfeaf2e8c2079b476f87c
SYN-S-00000799,validation,c99ea59ad16521e12cb61adb71c1dc05ff0a09f21dbf792f2db46a4526901bf4
SYN-S-00000800,validation,5d6ad3edfac3b4cecb2cffa2b594715bb0638056dc346e6e497d1dc082dcf211
SYN-S-00000801,train,bede8aeec70236d002048e165b176e79d8f61358407331641268ce43f911e145
SYN-S-00000802,train,862bfd06b3f2478720b2b7c09417a0904618394ce0db149a3ec6c4fdc61d933d
SYN-S-00000803,train,d810e924d736529aa948b5512eed5decf8ada12eb57b839699aa680737569fc5
SYN-S-00000804,validation,158be598f14b250cc473980b21266bbf76469bef4c0c9839cb3fe506edee1a80
SYN-S-00000805,train,c023fd1e9c28561b1c0f33c7c87c425ab15fccc220962d176a1c1948a5aa8087
SYN-S-00000806,train,45d638c12652a41e0876ffa1965318aa61fb364c0567dfb90e602a0caf4c94aa
SYN-S-00000807,train,73c44b95d3fb069b757c46ab5989adf17de43f5f17b3d47298de8d044a73634c
SYN-S-00000808,train,abb44c67116d9c98d72d48bb30a89836fda81a03e316fcfa148755b98dbfe836
SYN-S-00000809,train,5143068d28b1a93263bd1808486b3455e42320dd6b98316e25c7ca485afd92e9
SYN-S-00000810,train,2c1d2e7cbc3ae9e1abe512013666bea99e9af26876bf352561f4325aec908e69
SYN-S-00000811,train,41c9db53b856790e744e816b49fe490d01b9998f4f7cb2f4744d777eccdd7b96
SYN-S-00000812,validation,48e51dcfb1f1645703c8201a1ec58ff76757959b58f9a5810d94cf76afed3569
SYN-S-00000813,train,51c1a80e7ec9162647147d8aacbc99ed2eb4960c8da7b5916070de32fbec7a97
SYN-S-00000814,train,6aff4a60cf73c4c5dedef4186f0716cd876184bbad24482b7ccd7063087c0040
SYN-S-00000815,test,dfaacc0be8a620a133e08244f5b636319c580fb3ee5d552ede6d93e6c263bd9e
SYN-S-00000816,train,2feb2c6c3266ec3aaf36895adf3c0d53478e263e5a4eb1cf3e0008f0f3c5692a
SYN-S-00000817,train,077f73283960fd7af28ffd3733416d70200a3c865890dc07ab37744a9c30d419
SYN-S-00000818,train,6ff8ee5e36d6f669fa87810b1d2d5f26821b49a5e952e9154ddb3d246924026c
SYN-S-00000819,train,e40a08eb5f6f921400e9e9e9a2ee10574f12f690ceb1d5ce5c2df0c2dc2995fb
SYN-S-00000820,test,4ffb0eaf70377441a15dfd296917fb67dedf2b32b9d0cc6b40e567e2e70688c1
SYN-S-00000821,train,ce0288d12eb2be66b0b23eb0751dde48a477e1c8c14f68c40474b7d9f5d44886
SYN-S-00000822,test,f43368873c063477f606de7eaa05ef62f9eb50ba81e1169ce7c57856b153a1e2
SYN-S-00000823,validation,e3b460c5a50420172ff73f74f306ac623c661b6743ebf60f067e4a628399c7ee
SYN-S-00000824,test,e5dffc1095580e57a7805bb9dbc9189e3a2ae76b416e0273b631d1196b8d9bcb
SYN-S-00000825,validation,9f6b34d2ffe317bb69cc8c21aeedf32726300044b342865cae4d348b4cf4ffd3
SYN-S-00000826,train,679ee4af8abdb2abcf48e4ea6619d0eab63abfd85ade17446a44e90f8683eb83
SYN-S-00000827,test,17c351058537495ce1fda4015f9f1a4d224575a40bcd94eaaf1b30a9f75cdf61
SYN-S-00000828,train,f4882f05bedda63a053c5a7d5ba585c0a6c117dce61a799b9bce31545e1f0f28
SYN-S-00000829,train,a969a99adbbdfd8aad9dc364d68166b5783995e9151a595e1d0ad2c3237ba5f0
SYN-S-00000830,validation,5318afffe4077228eed035efa89908a09d1383c12a9c016decd4598c6317f68c
SYN-S-00000831,validation,52cfa4e7cab7636bf005177e48327c372eeacf97a0986b640c926b47e8fe73dd
SYN-S-00000832,train,055f16bd3ba5518056557cd4da1c215ad0f1986615b7bdccb93058676384f804
SYN-S-00000833,validation,484886684ee098a34403c8140f2fdca97ffe1f20afe891aaf64ca68fe86103d1
SYN-S-00000834,test,2bb118c3edfb2915c0af835962289c05d9dbe0670f567fb093f479706f588f64
SYN-S-00000835,train,ce901d7df6bc5da595332a04e672b53352b85dc1d03e5e138e1612db60588659
SYN-S-00000836,train,fb7d6f04aeb5a5a4e6546ddb9a66a59b9be9754195a14efef3ecf59dc5f6b3d6
SYN-S-00000837,train,1940299ec06d242489e7de3a75622272c37a82db82e47a30b3f87269eb834136
SYN-S-00000838,train,9549ad97b7f17dcb01e1625162427da2f487941a82ac8871abca31fa41fdfbbd
SYN-S-00000839,train,3abef2c28fc7a5b0d8a4db491013c77eac3bebae493cdeae2def31f451fcb849
SYN-S-00000840,train,10336c347705f6d57bcf45e28d0ccb2caf4219144ecfb86b49f041980d320fb7
SYN-S-00000841,test,045c019c1082a2c81c533c319a8d59f48178a311a7bcec939f1005fae86b08a4
SYN-S-00000842,train,5c1f54e943fed63b32eb4d113057d30e8fb6a57e1d4ad41811f764e56a56d5a8
SYN-S-00000843,train,571f4416295f6ea8f8b9c9a690fd2a4528ef8c4d3a1e643b02d10352ba134ed3
SYN-S-00000844,validation,05da0df089bc8d14d3bdd3805f7751bbfa36a929f0adb850e51117d01070001e
SYN-S-00000845,train,1d205f6fa84d59c912a95708996cbfd3f32785b275be9f9758c029b9ff6cc724
SYN-S-00000846,train,79bfdaca770dfee88b741faf0e69564a18b85b8295e116be6f2d305edaa86839
SYN-S-00000847,train,8d29a103c4dfb2ce2a58b0f798c62453758037dfbd90bdc58cb487a8ee84ff0b
SYN-S-00000848,train,f8d133a76110a172bc307a934b208354928cebd437420a054c51a007dfbb26ae
SYN-S-00000849,validation,4e6c7248af9a933959d68916b8b91ae030cf0153f3c909b381f3a9aa1cd329bf
SYN-S-00000850,test,46848f3f8f1b05e7229c1147afbbc9b415a8c82fedf929ec71c625cdf2bd8781
SYN-S-00000851,train,d8f2b93f80d10c46a0480b614e66ef0aa56908fc536e7348236dc2a280609f56
SYN-S-00000852,train,09d297754c9d3fc9ec96bb92caeaf7e2342dbbc512e1a5470f7d6c7815c672f5
SYN-S-00000853,train,1f581bed6a6ad1285889f002799541a442c87bd6dd2428fac5352f55f96b7491
SYN-S-00000854,train,911fdd5883a22bad9b62cecc190c175c01518c16f0f38895dbf926cb1ba14fd3
SYN-S-00000855,validation,3f0f74c5f281090a03ea6fb0f998f15190a413ce2f6791bafe7901b72bb27a4f
SYN-S-00000856,train,0428df0067a9e1c22b4e59f4e852849e363cafd1d9bf8428c6d5cd4bf05db407
SYN-S-00000857,train,956e48d48789d5558863901f43d0d4e39bfa877f5b6cc44c8b255df00aa8fd55
SYN-S-00000858,test,f824e108d9eae8a9881a8b7e597aa9f3d173a5cf8b230ecdf5a69f42935627a4
SYN-S-00000859,validation,5ebe035463b702d29f761ee43c593cc9b29fafc73799daf226133a8fa8dd4d80
SYN-S-00000860,train,583c21717f69dd9cd8aa9f01298dd4039811f90209820543d026aef25463acb6
SYN-S-00000861,train,0733b899010d430b48b94452dd994d2e0e11f71cc8c2c723a2d0c6c060918b0d
SYN-S-00000862,train,9fc900dde16ab036a8661d5bf42996dac71f62d414d07d41514922981510cd4c
SYN-S-00000863,train,a7e4e198daaf56035375b5f2c17ef29204a4180ea11d35873bbebc31f82d6247
SYN-S-00000864,train,087916fe74d3ee8c9caa945a70fcb166740e4bea51abdce2f8d7f3de6137ca9a
SYN-S-00000865,train,6b5897772ac937e3280550bbe4da040803ea1ebd1d519ae5d96c54ec7596fb7e
SYN-S-00000866,test,697b9fdd6108d45c4171c6b6a289f720eb9f3bbb3d7a39123c751d4d51570c39
SYN-S-00000867,train,9028585c216b6c366504c0f8c1603f65a82e286e013b0ef39ae2da98fcc9e5a5
SYN-S-00000868,train,3aca3080cab2ad60e62c1a6e3fbab7ee9b02f43fe4977212f83c5cb8f4a84742
SYN-S-00000869,train,701ae2c088c27a92a14b6b4e4eab104910a0b38ccff6c802e756fa22390496c4
SYN-S-00000870,test,228ff3c6ddadc7462c35d8f9d5a312307b57af6bc6c90081a6b2b92f38e5fff5
SYN-S-00000871,train,8d769ebf82fd96019f4e24b042b5292019dc2ed084343d4a00c33b0a23cd5576
SYN-S-00000872,train,a31cee7f6e1c708066a59fdb293b878bab56daa6b22cd0c979153d22a5f774a7
SYN-S-00000873,train,de5cc0f8b24072b7697980acc80ff95d23139374bf817c5f3346b253dea4148b
SYN-S-00000874,test,d28e8d5b1815ee60cc36291b5982f98af940d57374fd87c686491ca3e3c9daf9
SYN-S-00000875,train,cbcd0ccc2b709ab3e18202b95ea2d4b62c8e8291d52906cea290b9cc4c9ad96e
SYN-S-00000876,test,ea9e74bd3bf474955e72b7f87d09698bb7013c313f8bfacb6c8219eb70be9cd1
SYN-S-00000877,train,9b05d7209966f4baa9ac1ded2f85bf51bacc2d0524f054d988b4235b4128fdcc
SYN-S-00000878,train,b269b4511aff34d11f276cb1a2c77d9320939b457080ff47d319c765a606161b
SYN-S-00000879,train,89a696deb6225cdbb3ff73b823564f709d43b256bf33cb2028ccbea7737eb109
SYN-S-00000880,train,eeaac3640ad96ceebee4417e460eb609d68e8fdc6882c882a5a58c42afcf5a89
SYN-S-00000881,validation,606c88625954d3431b313868d0f75f1f778fe4f8dfe9111d81c1ca1f82f5014e
SYN-S-00000882,train,d72fdd69e0afaf404f4825d186d17dd8688ea7a20ae63a2aec9251090b62ffd1
SYN-S-00000883,train,5d00a24afd3ad0738bc32e1b2e167edb42f8ebe49388c2a7f7ced09aeac95d8f
SYN-S-00000884,validation,0070722259d915a90fb10e8d276e96668458d48909494d5061035137bbd62bf5
SYN-S-00000885,train,12c0d9ba3343c5a9a4416f7d8efe35f26a4987afc05ce6c5ad0196f16cd93da4
SYN-S-00000886,validation,e3bafcd182d93ff55f8df9f245def28b7fc0bfd990708a908e3d260c0b967477
SYN-S-00000887,train,4ebdfb86be58a843dd290f025a4115d0b8b192e188a33e85cddfcb6f392fea3a
SYN-S-00000888,train,d65a585096bd6d688c50f7da52f4247d5dd0a28a4fbd2afa7fc064d2d30275aa
SYN-S-00000889,train,2b7957c5aa7fea11b548328df082bde14250a4a0941434d694a7c212ba5a494e
SYN-S-00000890,train,800cf5b7892aff87dd2cd084a65c5eeb8223cc0e86b5e6703d9b71c8e0208d27
SYN-S-00000891,train,ad7e7435f1089fd37ff02433c2c0770adbde41248d944f6a5e9adcf44b3de705
SYN-S-00000892,train,de7047928ab16e9136d2410ca1d00f963e1ca8add42a23752a2e97c5487e5b0e
SYN-S-00000893,test,e78519672b5c8562a928bc3d3a37f6907d2fa81d02b2e40071eac429a3b17dfa
SYN-S-00000894,train,a46090005e9c3ff1265ef19b72acfdd04584fa84969152903093e5fcaf99f3bc
SYN-S-00000895,train,bdf1a2e7a8087caa3eea74890ffc5b6336c4ead8ceeb2ce2228a06a99b8bf88f
SYN-S-00000896,train,68538afb484ae9075aea05b8240019470ab29668473fdc5f48a2f3e603a6453a
SYN-S-00000897,validation,ae0e9d1851fd1e8c068f16d667133a3ef759ff64a6660c1fa0ea03692199a7d3
SYN-S-00000898,train,98331997fb850ddd776dfffe2e9d4d64db6216c2f41b7d5bfe69dffca2e9d7c2
SYN-S-00000899,validation,783500653b92952172a350a4c811c85f0340fedcabd4ebaa2d415ba6f1b954c3
SYN-S-00000900,train,1ea3d553dfe74ee5dab8434502bc057af78871b21d1fd83136ed2d21b0319ef2
SYN-S-00000901,train,ecb14728eb197bad62ab550cdbf26d2dc5b5f2e68611177bc68b0db3e15894f1
SYN-S-00000902,train,6fd44745d7569c696d489e92dd3a826c169bb77a02cb581ad7eb1055b4a2863e
SYN-S-00000903,train,712027ce77ff072bd336552fbd9f918a93e7736a98cce47b2a5a8f6cb96ce8e0
SYN-S-00000904,train,17cfc41b73dfe78188dce5b8f2dd671d90420b9cafbba59b482983ff3c4e2c20
SYN-S-00000905,train,4bab70b97eff0bfdb3bae7dc7343717c815f87e5afa5970824db5409d7e01c82
SYN-S-00000906,train,e80cba795d6122b64baddd3c09307845a200b8f0cbe90c571ec2676bbdf1d931
SYN-S-00000907,train,78bd562c8996d20d61c068cfc9feb0455785d0dac44acc81e67538725b4ad861
SYN-S-00000908,train,21bed1670c7168b67388879a98299ecebc4d53832c2f4c58fb18b587030e21de
SYN-S-00000909,train,b535a507cf6cc757af3f7e0118800d4d178a3cb85d55fd518e8a1f3239d6c26e
SYN-S-00000910,train,efafee62d875e31ca8b13cad992ca6283808d42e886dda80e224a44208157320
SYN-S-00000911,test,7d91595dff2dd5e7bdd158024e40a8261600b5a0d08733ccd267adaa1ee53efc
SYN-S-00000912,validation,0902817b972098499a8785c1f0a04ec0b52c00d39608a7e2b305242b303764b7
SYN-S-00000913,test,7c8e559dc9bd6c4833dd1c8d8e73954c8a6356261313b516cd93cbcd076859e3
SYN-S-00000914,test,1b29e1a6efd1360b7c29d764f4f872bc9a326b8b8d4d46a95f73761df50ed47d
SYN-S-00000915,validation,3d23b90095fdf75ada36c37f3b99692249f2316986c9a961a6221a3b5aab2a9f
SYN-S-00000916,validation,beb699cd4285741e54dafb442bbdbbb3a043b5a4fcfcb027907e3f4a68014f50
SYN-S-00000917,train,33fcb912d747d485c284e83b1fef4dccd85c26345575443b7bfe34cd2eaadc2e
SYN-S-00000918,test,e7fbb3e0a0d231c858182e383962a748e605ef32f8f9bab0f1039b9c9bc2ccd8
SYN-S-00000919,train,dd9f1066078118a10f38ac762ffe78e09b0a0f4b104406b234c7464da9676c07
SYN-S-00000920,train,0b68678137deb7d3b6d31a0e6b69d4a6e8f79ac8b9dbc99f09443db32c95e4db
SYN-S-00000921,train,2b12f73a84d4f58eb1e25df5c075ea8fa73cf07facea28fb9b818d6b83a5505f
SYN-S-00000922,train,bc115a2a94fe4a3a3c530c460966b9000178ec3f6dec21faf2721c31d0b4a013
SYN-S-00000923,train,a786415428b6851d28b591756b28bee8186406f3018e18bcede00659a9466b5e
SYN-S-00000924,train,fd8feda01e23f7dce8ba6ec2bd8d191a6472566563bb8f7f25c510c18b67ffdb
SYN-S-00000925,validation,0728f2a854e308d7d88c3b3f3bfbaf68d8136a5dc0078c866142b3479feaa9eb
SYN-S-00000926,train,0260f2b4f57de010e337a2e687ce18f072bb0d488967cf7425fdc80ba76bdf10
SYN-S-00000927,test,bd06a1edba2ed55883f8b16cb9acfa1bac64b2baf5922c2ed620b62b7c47142e
SYN-S-00000928,test,75ee671f65d82826ca0b3c8a9ea02355ea10919acc6e452be93013757f125b49
SYN-S-00000929,train,3f048d1839f6f73198a70bbcc53a7620883b37c55e3c334bfe7ee767ae1bbe31
SYN-S-00000930,train,8644bf4887340411e38788263b0b580b5aaeb5a3fe4d5706a8c8520f647b6fdf
SYN-S-00000931,train,2c626ca5fc3be8cd1256709a748a8ebb7b53c35f04af03800119a8a54874489a
SYN-S-00000932,train,bd28252507bc62d20c86c26c134dcc4ec60a72299bc73a4bfce25ef13a5e5d4b
SYN-S-00000933,train,f9b58769213c3d206f06cb2fe35ca236c39e6f8e7cc5ed368d0196264f44246c
SYN-S-00000934,test,26750bbed48fa4a4477145dda6689ff4170d6c39bcd45f8c380805512b838267
SYN-S-00000935,train,c5c74d3b02bf9e6fb832373c867183ca17df6a8fa55a5cea7eb8100476fb3845
SYN-S-00000936,train,ed2c588cc4a2a0f2d5a6f4c931447d70354faffa57b3bcf8d7858fe88cf655e6
SYN-S-00000937,train,11339b40589388a551cf798506ffaedbfef79c23382841463b0408c596ed9621
SYN-S-00000938,train,bf3571d436cbee378d8d8c4a120814212a8d6981cb60db3ed83ad9d0536487ae
SYN-S-00000939,train,eb0235423afbb95958dc944f9fc2531757e4ad2b8e747b43f9e70e18aea32bf2
SYN-S-00000940,train,e4fe8b338433e535cdc564303e77cf36641b9b8f87cbef5547b90e1e8bafe2b2
SYN-S-00000941,test,7aa8b59513f7b519a475f6617dc33aa818fb3d2490092ca669b94168ee21298c
SYN-S-00000942,validation,833afaa29e71977571fdfc9a413271327f8313e6d11725b20f9e8ba251177734
SYN-S-00000943,validation,b0e43b52666055c4868ecd7c2c2b83f4f4c45c7845869ed2efea9eb51805a759
SYN-S-00000944,train,c611008f9f2c51caf056561c180d51e48fc8e41995ccf6f901ab7005e2bbae92
SYN-S-00000945,train,ead5b29a6607d32fde684d21d1e9401f5661f9455f1e5c23f1502470e63685b0
SYN-S-00000946,train,d02a837a5b4968ced7f7f38e33cf631191cbf954846ce280d7b3beafa56decbf
SYN-S-00000947,validation,d5dc9524300627470707f077abaf39bb60c9dc138e5a5a98ac81de348cb41b7a
SYN-S-00000948,test,4c268b694f0020eb07d348b1b04068f043ef5cb2ad7dd358a5320f2772106190
SYN-S-00000949,train,5d6619aa5f5aa1eb2448cf5b8a5ba616e39b2f04f27c3d3877deac7a7b08099d
SYN-S-00000950,train,fc7d2f93ae97f7e0ef05f86ef73d35d0186e0d79f38cdfdf4746deca9e546361
SYN-S-00000951,validation,546d55db55cb1eadd600096f61f3ca95c05ea3cd5ea5029833052d8089e1a426
SYN-S-00000952,train,8e976d7956cbb51555c71184751bf7fa5e6f530d33172c48d72def3a3c0bbb5f
SYN-S-00000953,train,0d077d6654bc10be4889286cdceaa1db6f97d77776bc51e08d85230b78d9962c
SYN-S-00000954,train,dd6ab6d0334f6e45874c0f83ea113e244032e7fd664e6a0e6bcda0a98b39433d
SYN-S-00000955,train,4e2f989ce080704d30134b9fbb5b26d9995ac1dd23a580fc8f27263c9b795f47
SYN-S-00000956,train,16f4ea10a7958e60d84e1acd81e7c6537844f1a7bc8ea5649535c2b8cf7fb95c
SYN-S-00000957,test,6d531b0be28e57c38310797bfeccf80e74a3eb22aa5a3937e3afdace98f102ab
SYN-S-00000958,train,0d58ffb298980bd75e5557a73d150d1ba21ce4c8bda6382c28007d89d289802c
SYN-S-00000959,train,75b508e87e193d9eeffca30c0546d76e4cdc97f82ebc8c53616034d9c723429f
SYN-S-00000960,train,dc3395d09bcc0571212343082285d9382048ab0745ad70e72024fdfac983b26b
SYN-S-00000961,train,773dfa072f1e8d02a6ece84c4fb71cd8b0be144cf114fd06b3c55c4a5237a869
SYN-S-00000962,train,f45088b600ab0bfa7a78dc91a9f0417041171568414d418903f5852e9f1606d6
SYN-S-00000963,train,43b0c574ae4acfc2e0c72880940abab39c2e5489f2c0307d3c7f1a290f155315
SYN-S-00000964,test,ab0b536afdbda3185f85d5d8de3c5599012216418bb48fbd79fab5abcf2e0697
SYN-S-00000965,train,a37691ec64d8ca463d7f6de00bc1e0cabc56bcaf35e54baf3bc4cfe661721665
SYN-S-00000966,train,80dc5ee48dfbd237c0eaba54673b6e4585a95041cdafa657d90ea7daeaefe853
SYN-S-00000967,train,e255ec5ba4c3651f9ba1d738a920716b8b06aa0247c7e76b3cc99b350e422b2e
SYN-S-00000968,train,5d97796a3995f85a11ed3f17ad732f8014e84ad335f51164b8b5833148a8373f
SYN-S-00000969,validation,1b7d151c6a1952053768607c8b792d8b8d9dcb6ef6de1b334653bb676644cc9f
SYN-S-00000970,test,1ff80da96f3238424f220f75cbfd3c8537bc633e2fdafae4d02f80a399997c44
SYN-S-00000971,train,e93be68a67328b5bb9421f21ddc385ec414f924ce390b60c47803ecf4c9b70b5
SYN-S-00000972,train,0fd95cbc13cdd2dcd8ff634ff24bed08bb533fc527458aed259db2217bc063da
SYN-S-00000973,test,8c0ca6188b3152f45ed3725cd017213bfd4770609b41aa5eb6a5e38bf0482015
SYN-S-00000974,train,f39014e0c0ebc9b66d7cb6655ee0d20e739f663ef801820a31a1e68e5f914268
SYN-S-00000975,validation,1bbe6b02f11453c797fbf98137abd494e42428d6824219fca7ca462c37c5d7df
SYN-S-00000976,test,49b5ccacaca1af59f4454445608d8eef218abdb6945fe089dd90e912c5a64001
SYN-S-00000977,train,0bb622a96aaf95d1592839ddbf8b76b3f76c9702bd5fed1a790cdb0c6a070c8d
SYN-S-00000978,validation,4fd4b529e73f456001aa6707331026fe380e6f037af47c22a6dce6fce52048b8
SYN-S-00000979,train,ffad32213b5c90df2641916c35506f807a9b001a290a5f1f4f2d54813e0e7991
SYN-S-00000980,train,9f8856100c8e0cce3c56b2fc0b118ca28744e5c025ef087656cfbcf783d06be0
SYN-S-00000981,validation,e7dd967502b770d1fcc551eb699c676af7e05b73dd02e4e13a7f5c56a4a5262c
SYN-S-00000982,validation,54cb880320e47c82a086564e073c907b676c8b1750046fccf93dff29d1d1be49
SYN-S-00000983,test,b5a7f9ab19f52241c7121f086f80ea998e8d35dcccda3989b9c0c4f7a3e1782c
SYN-S-00000984,train,c13010992029204ca6065ebdd9715bea2564206fc0ee768facf13e1f6d468aba
SYN-S-00000985,train,c3c01e78aa152a41450f40d6f61f9f3a08cc037a76ffdcec1a264d9202333bb0
SYN-S-00000986,train,328e32f1a32928b9771ab5e551e2ffc710e96d9c69af6254733b6efc54eda922
SYN-S-00000987,train,24b9df46c92f7399e43f918c0752db51e166b782d7955c158de89b327c158d35
SYN-S-00000988,train,a8139982c65c4f590183fd9d72b5283cec0cc5c4c9472e39dc1e4fbd1c38939a
SYN-S-00000989,train,cca87e330215b99bc4d0ef8077135d9a53b3b77881990b16892dd5cb49a54c9a
SYN-S-00000990,train,bb98b1661828d97b5889c8af37c07f79904fcbb10dc3c6d011a901a07079855a
SYN-S-00000991,train,b1f987eef3c9e02a02b9026f08d246213e5f7c5f4448ca9de2172751423ce57e
SYN-S-00000992,train,8bbfaa52bf42415dd1b6651b0f44c5f2f4edd9ecac90fbfe2eb01f0d0adc05d7
SYN-S-00000993,train,f851f0a4520e0d76d2ac8d4e43af6730ffa52b8ef37a4806ef2f48de61d93d95
SYN-S-00000994,train,aa31ba08b674d014b241f2b609db0e24c648c985391a33e8cc860d9ffa274d98
SYN-S-00000995,test,9a1c8433a48623afd08f228711ff2fdd41283d52b4b06269057cc3e26d675b72
SYN-S-00000996,train,3b9c25462327bbbfdd8dcc456955e22c4cbad032d8b97d8e71baaf2673157b12
SYN-S-00000997,train,0f0b8f75e0ab6305655d3e412e5709b5bed111c9092b0d8a96430e6f680da4c8
SYN-S-00000998,test,3abb07de68c8efd4d7f709570446fb89bb78d4ece725cd9c694d9a621351d291
SYN-S-00000999,train,5497f7311a3df2e6f680dbbbb04e4798bf62ac0456d1aa25f4d99ac42b7a35c5
SYN-S-00001000,train,ed960e8caa6067d9af6e42265ac59d02aa178dbeacb89284b4b7c3aaacdf16b6
SYN-S-00001001,validation,460b08e5ceb0c17aa0b07953ab68806da380fe2f668aa9f472fb20cb9feea73d
SYN-S-00001002,train,6f160480978a01c0ed733f316715f73e56af021f191f7d1a7d202a3c5a3353b6
SYN-S-00001003,train,fa3dfe061b16392377dca8b4aeb33b64292a3b37116f424907022f0fc2067ec8
SYN-S-00001004,train,1c6fc6c1c6fcef95144c0cfc12a4c8da5239eac0f5964c7651bd30c02004ba09
SYN-S-00001005,train,8678baad1fdc3c7a710a1608bb9659812c0780781da3faa525e12c7bebb181bf
SYN-S-00001006,validation,4b20c81e475003f5822856af2c45015f9458654fcb10dc8285f7a455ce587f55
SYN-S-00001007,test,d1aba49cba40418c84d028c97cf22e8ef3d9eca2e7ef7a19ec1ecb96275d71d8
SYN-S-00001008,train,176cdbc436aeda3642da4e2f63a6887f8eb23431baece33c19e721224ac535d5
SYN-S-00001009,train,1d4c4cf351dc850f155cd1250be1a2a2a9282a6df606212184198946cfcfbede
SYN-S-00001010,train,b59ca3f4b0b5424073571efa13e72b89142278e3ab574cdc31dfa95b677d5609
SYN-S-00001011,train,6205822068cbd5f63267afe1f6cb7ad7232ec8e0c7bbde29a1562e34dd0540f6
SYN-S-00001012,train,7b726580c22f76737420e5ecc52f592ee8aa5ac965b9a0630918bd4268159764
SYN-S-00001013,train,dc2137baf06623aa604a0d71caa9a7a65f65a14bca48ab37e3c7e35e1a8432f9
SYN-S-00001014,train,b62649893013360a035bfb0abc3f4b446350807554453d8718e3d4c7664976b9
SYN-S-00001015,train,ea56a572971a1c6ea83899bca1eb6911ab4834dd9a36b93729af935fec30f96a
SYN-S-00001016,train,ad6c99f9ce4f42ae92ef61dbc7ae4702aa77f8a3b1619729c63e10a1abb7bd6f
SYN-S-00001017,validation,d40e29e30ac832371d73e219195d3a5faebc9f5b52cba1fbd1f37f9ff55ef008
SYN-S-00001018,train,d1eec8342d73965c28c607b4cbfaa870a82060fd158443e402b66b2bbebf16db
SYN-S-00001019,train,a802b07c896a81b18ea7fbc67861fb45e4c6917bee771e849aa6b7dc6cc003bc
SYN-S-00001020,validation,620c5b764f4f1cba11bcad15e9c549e253accd4770b62a53a8b7dd57733e7a30
SYN-S-00001021,train,bd8e1e6b42b50b1fc409b916e244c4468d7d0fa7d9962062a93787fe4bfa629c
SYN-S-00001022,train,b1b628d4c6ea0290fe66f920a06a231e0f58fedd2c23585ffce02fa1c6bdef77
SYN-S-00001023,test,d18ba4af2978812fd948a52b4e348cd4250214a8ad4e7fd61df61cd1752166b2
SYN-S-00001024,test,34b76eed6a7cbf10d58d6405c7540ad7c8314a0eeb20cebfca26e804a0c07c61
SYN-S-00001025,train,064825163dcf1ae1cbbc2f10bacd282372431300a8a564fab65c49c02f36fd67
SYN-S-00001026,validation,160b1980426c0c4e5cd2d13e75013e7bdd3353f08936b814ae74799e453a2492
SYN-S-00001027,test,02e67ad42b69d1bfb3b1f7a11fcd2bede69551a6824ad0e3cd67cd20a16d2ab5
SYN-S-00001028,test,0fa636b7ec109fc3195604fbb3abab35ae0da87473cf876cfa4fa40e50339da8
SYN-S-00001029,train,58b98c481b726f231cf7aadad7646e6545b6a7feb9da490c75d903e7d25f0e3f
SYN-S-00001030,train,2037d82f7cbd148c3b3b85ff195cf31d62f9983e9569a391f36267fbdd253273
SYN-S-00001031,train,3fbc80ec16b52585766594ea64243519c01022af40019c6e4a231d7389926bb2
SYN-S-00001032,train,f3a67cb5a4678b349e63ecb3515c7ba725d9fccc29f2acb56ebbd949977fff24
SYN-S-00001033,train,090ae99f92bb6c77bbbeda5f9f3ccf9e97631fda97e43e6e481db7bd75a166f7
SYN-S-00001034,train,c47ee79a3183f086444c626892c1a6b89c07e607e477b8ea584cfebde9e8cf5c
SYN-S-00001035,train,d82ce5acea363dd2b0603e85d899332f063381fef0074a1283abc54a0c640aef
SYN-S-00001036,validation,a0b45ea14eca5f0b2c05f71eddd0fb1506f8cef88ed8a41c641cc7c51ed2ec02
SYN-S-00001037,train,e1b33fab5134ed94d6d23aba4728ce10411830a15d2b08aa7751d197c7ed6db5
SYN-S-00001038,test,08d57b907007511b4d2664cd5e35beb9157f657b3884b520642144b6065b5db6
SYN-S-00001039,train,c42670b86a01ed01c55ae12260637712b63d9c53a490d3131b5c659731c872be
SYN-S-00001040,train,fa1bff4b0f866740ea45413436395289cc9d6e4be507a9a6be349d9f38eecbdf
SYN-S-00001041,train,f244db1cb14f8917aca8c4fc31a70c41a521633961a1227aac05dd19d760363a
SYN-S-00001042,test,06381da2e498f75e5b4c5a61a123edadcdca8f5daded6a67bc1f1e0d61baedf4
SYN-S-00001043,train,5064cd9aadd511a3f8ed2541f21ca5840d1ebeab3f16995a7b22e37a9c41f83a
SYN-S-00001044,test,fddf9527c2c30bb0b1fe7dee750afee4b4a33fc9cadfdacb352bb6a82f59c01f
SYN-S-00001045,train,345de14a112a9cf9019d12cc9f398f146db86fe35bb58f874a87e5188e3dd07c
SYN-S-00001046,test,28544fadbb851a616228abb181cf63c3c2022b899d8e27ed7edb69a08a75636b
SYN-S-00001047,validation,a4c1de9f3feb3a4254e28478a0f1b2ae594c6b892aaa3024c250fef1ffde8d82
SYN-S-00001048,train,27f86fc1cb7aa44ab2cdb5976a88015d7062c0fae168ccd6630db66bbad8bae4
SYN-S-00001049,train,4ebc3698d0ac67f84e02d319efbc6760459e2fc67197ac1c0b4bcb7547ddd190
SYN-S-00001050,validation,65a58de27ab429567a64160ff30f229e83964dbacd6002401622e3dc779aa0a9
SYN-S-00001051,train,969da7d1837e211cf9bc712261f62e12e3a98f73189c6e3cb670f768a696cf55
SYN-S-00001052,train,a29d698e5f97aaf4f5703a6acb378cd5d93c27ee6ed71772cec7a8c46d1facec
SYN-S-00001053,train,c1738f8df6553f1529b9e0c31dc0f0e26a452c9805551f8f601a385d5b5740dc
SYN-S-00001054,train,bc0c520e764e8068c1a1937dbedda2670d7841797a04de18eb96a6e01739fe83
SYN-S-00001055,train,8884cc0dfd9d0aa5e553c1b4ec86711625b2fbcdf5e924709e20cdc5320d1e32
SYN-S-00001056,train,9dfededcc9ec63b74000db7047f9cb01c1e704e368b45ac717d6c73213b271d8
SYN-S-00001057,train,1948e2456096dd71f734b4f7cd463f9cadc7ac7436eaea28917c782b4d4eae44
SYN-S-00001058,train,8c2b6abc4ce1a13315255d0b59b77e1ad6df5eaeb567ce011591c1a905127971
SYN-S-00001059,train,a2c9e91dbb6834582fcd3b7bd30602e1aa282380722c1e04b9de6bb181bd24ef
SYN-S-00001060,test,02aeee010dd53d3d4f9c0c31e11459f4270cae5dfefb91261639bcef64a437a9
SYN-S-00001061,train,fa4f838a6185e4ca48b368a5e66bcd8059095a3b632e8dc1dba5f76a97c95234
SYN-S-00001062,train,457dca5c0b0cf3c8a24d74b2c518cff288d2122a2af2f967c26a0f236901f6b7
SYN-S-00001063,train,aa2f0c67d5ddd7119e572a9f9eb81ae7091ff75480532f895f4ed2c485f1497f
SYN-S-00001064,train,4c54e129402e4ab0b7f4f49e18264f160f183209380112a661f03e08d297d9bc
SYN-S-00001065,train,7a704cc66b1ca77b12d341f6c3e8d0fbfba4526c3f7ad500e7fbbc69ff38b423
SYN-S-00001066,test,7149a6c1f261a1fb37d35ce08d88b77bbb538c0b9873bfe40a7ac397f2403348
SYN-S-00001067,validation,581ef43e6da9ead4ec0d5ffa56dd3a944f3bba1af56cdb4d2017daee363b91b9
SYN-S-00001068,train,04d134667de4f3ea31ecdc77345ed2308c17a3440b7bb0bef159b138c488ab2e
SYN-S-00001069,train,d663fc320b26d422c7e308851aa1038d962b17bfe1456a711e2dfe278531a0d9
SYN-S-00001070,train,57c78c29a8fedfa693ecf760092ec39784eda58d5acb0dc5a22b84899e8a93e3
SYN-S-00001071,train,0a101d9e9867b1ee53726d0ffb55c02a8442ca89deb2fcc9a917955e30f154d0
SYN-S-00001072,train,ee047bb9063b9110d7ba01c302c2b005b6b13094998a901fd43ec3b59e703daf
SYN-S-00001073,validation,1fa4e6dbc39f975882575910265d50e4258116724c187322a4958c1b3335810e
SYN-S-00001074,validation,e5df5c0af3cf352105b5b455fd7701bb983bbdd5bf06486cfd8ff752a90c5d7b
SYN-S-00001075,train,19636725ff6ef9ffee7538cf3d65b97d74b76001787e652bb2a942948a42e012
SYN-S-00001076,train,4022c9d1965572d67101820d4e18259e43ed31c55ad5c8473271058bc7741bfe
SYN-S-00001077,test,6609803e400b9173009cebb4bcf3caa327381fa86671fb2bf190208cc5462cbb
SYN-S-00001078,train,c4455bb3beb9758392b48a5560a83aea333de0ef96a86d7455cedc3d4334d239
SYN-S-00001079,test,a88d93dd36d481fd2277b27f2820388248c3d7d277dce789c4054dc3eb5b6c8a
SYN-S-00001080,train,ceb87f71bd78012d0f252fa08aeeaadd129ac54fbac57132a6d188064d97cbf0
SYN-S-00001081,train,3bde1c314d901a16e3fc7d9aeaf9eef01915442d840cab5565a394b49c8f9dc4
SYN-S-00001082,validation,81dba1f4f6a54a4224c6902e7955f9014303699f05dd44e4ade073b55f666a8b
SYN-S-00001083,train,263c7fa93608f70216ef93d7b7651c3e51d441fb9c68e8b73e73cec515c0806f
SYN-S-00001084,train,f5cd22b1498c5dfbc229377279f0c8768bc24f27cad8e6c01092bafa8b136771
SYN-S-00001085,train,b069eb5cd8c686edb501069b985e971249b9fd76ac1f91a903f67f283a74c9ae
SYN-S-00001086,train,5762126df0dbf8c564ac572d192f49bbc2484ecc07c7e7175ffaefff92b278fa
SYN-S-00001087,train,019468382e06aee5e62842d0771aa941301375ea480d2c5b522bec4e4e7efb63
SYN-S-00001088,train,dd4ef6f2f9a1d49894f5759f840a30ecceae069fc4888f3a0f9577f730455957
SYN-S-00001089,train,ed5a120ae6f619d3f54882ee4127a32bd38fae4e58e43aef2922a8c97faf16b4
SYN-S-00001090,train,4c66721221bcf3ad6bfcd632c8f9e0844fe12624c4f522a86b340a3794015f82
SYN-S-00001091,train,fe9d79749124da3f7e9595eb62f5821098058d1bca40be51d8e7aeda66157b89
SYN-S-00001092,train,0e002fd3d0246f4a165fbc34024af8e03e608d11aa9bcb3dc4c524248b185bc1
SYN-S-00001093,test,cf37735b6228a46ff288168312215ffe1045b9a8935793d24d119db2318bc3e6
SYN-S-00001094,test,19276246bad7361f139f5cc25c8478e9db621827bb41fea3c2adc38104255369
SYN-S-00001095,test,57cd9fd334434013b76d606c1c29541f572b9ee2882f9ed17f6044ad6df1fa21
SYN-S-00001096,test,3e45d809add2df76b1ab32a015942f970e8935d99a1561522156074a519fa0f8
SYN-S-00001097,train,a0811e291be4f8d8ffe755ec70aaad48741d36d0af87ca8b89530131ac36f5bd
SYN-S-00001098,train,e1483a6da612bf8dc2040dd23640aa7ff93c1298a25ef5f5b912612d7c4fb4bd
SYN-S-00001099,train,edbc4c385c050ad25ecf1fa19a4a1bcb532927bc966fdaf7efea60b8e65b1234
SYN-S-00001100,validation,a52dd542f2aa83a78e2a75509fef4e482271b2112d701a29d8440399f0a954e5
SYN-S-00001101,train,487fc8ffc2eb9da9ebd0bedee9f3bb5695e5ef3d6d25dfcdfdcfd62f61de89e2
SYN-S-00001102,train,31c9fb38f4490f2d79ee8609366c6e3fd050890c49b097f4d1efb3e13aa61c2a
SYN-S-00001103,train,93801222e4f83e791b900785e03e0ade9cf6e982fe4d4704425763ccf4741bab
SYN-S-00001104,train,079f9174e52b1553567912e9a5e279e2a520df3ad8c4df50807476737d3a98da
SYN-S-00001105,train,51b3fc1f1b0ed5164f64f68ab58d9a81bb3e5933d3fe629b9efd5f7a0b567a6a
SYN-S-00001106,train,c4ba722bac10c3a91bcb41a24530a2cf39c9d76ae1d8ec9c9d5cc2e98f0b7d6d
SYN-S-00001107,test,95a924b013d55e67d90a7da72eb1010b57e4900db950cd5aa0885c8f3039eff6
SYN-S-00001108,train,5e0ae8be0d964e90bce898edb5272ffb940ea81cfa3f4db7f149c2d0510f0908
SYN-S-00001109,validation,609c6ddc70db96db3a8a77fd600bb46c55acbfd00a1bfbd975883a0fa4ad8f5a
SYN-S-00001110,validation,8571219a448539b756ec13ff5f8f379624b3de074530d19a2d4c142c89540b03
SYN-S-00001111,test,c16d3b9bc2a3fa720b7b2026e994ce37cfc411e38d3ec3ac5054cbe36a81841a
SYN-S-00001112,train,449f2e3412450e524cd07c84a7623c36dc60efc8803cd66d49412260dd4fbc95
SYN-S-00001113,train,0f0e74747814ec6422219561766a7fd34c8c256858fc406a512af525f1643900
SYN-S-00001114,train,18dfe3ec977ab07b1c0e6ab898c63d343b9f66c9f6c4c5e99a369e6282eff7fb
SYN-S-00001115,test,ac29e33e77a819f4da7c0fea0b3bbb0402389408376bf77c25c898c148711757
SYN-S-00001116,train,fd800e28005c60a04bb494532280d426ee5b005ad276489b1a76275e5f408a42
SYN-S-00001117,train,11f2e810101a66fce45fb85b3596dcff5c5276c95eda12f7a383e51af6bbcf54
SYN-S-00001118,train,5be9f119644db771adfc026ece4baaf33a7e66c937e1b6cc9ac81b81745c7b20
SYN-S-00001119,train,add43ba98a9ec2b47d661b3cec905e679b3ba33cf75ac30f90e2c5a0321a2498
SYN-S-00001120,train,6014eb282076754f0e56070add37ee288f35b1c0e827dbc6ab7d41d26c7925b4
SYN-S-00001121,test,c2053039edf0413a57929b4fcc892503963674f7f667954a7c50f5b5ce3e2647
SYN-S-00001122,train,e88ecb32c1ad8a0f5bbcd409b1bf1366369266cc5c5b6f54db05539563815a15
SYN-S-00001123,train,877075f423c529507b02e93868881765e5f097df56e0599c388da5b5ecbec3de
SYN-S-00001124,train,5b8e8930d841aca236d1796c893134a45b4a9e934bf2ad5b60c19e4bc16c0ddd
SYN-S-00001125,train,09feb6b627bfa8b90059385783bc7716d2ee71ec0172ffe61e568fc24c769639
SYN-S-00001126,train,0ae9dd7f6365ea4394c2ad364317b1a580033980f7c6e4cdf568a9448540de3c
SYN-S-00001127,test,74987138809860b4994f377efcb149923bfe035f358242a2d1f0a09b7764e9e3
SYN-S-00001128,validation,a0f4544774c96c4ea6daccf9c7a5c9c8c5bd8999f9e6cf5c095ef787ea03f845
SYN-S-00001129,train,5dd5a1773069440e9a59515a71b2b85a8ec387bac9c66417b2043fa875643173
SYN-S-00001130,test,fc2c5ff2c24a580e6ca7a20d15f5defd63c772ae6c6a7828080b59edc4ffe24f
SYN-S-00001131,train,e918c649f56047fd6a787c683f7452d65d3d298287ac74a8532147b076fa4fc1
SYN-S-00001132,train,2988d205e8fc0ddd365be64756f8bad4769db269c3d6b05657ed1c5c2f8d859d
SYN-S-00001133,train,bf59ca08de812a71c3671853478c8ef3a0438f1db6077a90a8978cb5227e9ce1
SYN-S-00001134,train,1e239d797f186e8bb20a95dacb364f896fd8c8e4a6e62172b7b717080864b6ae
SYN-S-00001135,test,2aa14489390e193e518bbc6fd56acdb9261b65a6220263c2b7d80e7bd991bf7f
SYN-S-00001136,test,f5867c8c0b8bb80fd436bacb0af29ed14290b6e1c73015790e22694dd7b7b579
SYN-S-00001137,validation,b9a5e6c93c45a64d0b03788d4b0d3f9bb66fb60af460d9903ed869dc3a87473c
SYN-S-00001138,train,a00ac80489e64757752664102a4457612e0a92a67d3e3597fd4c35ba33214e76
SYN-S-00001139,validation,bb6077e0d4142c682f23400199dcd7810b6565cff3ae5d374f75e4768008ff68
SYN-S-00001140,train,169b2a070029c329f0f828ff50ac57048357c9fbf172d89cf36f7281719c6395
SYN-S-00001141,train,f008e4ebb52e86c92c740ed69771826d58e6d45628f533d4c828a6a51c65bb8a
SYN-S-00001142,validation,9c52c1f24b6b4c7df114cdd5ea98296c83e7f8e1a794d22c20b2b99423b768fd
SYN-S-00001143,train,ecd2fb03b5185f23cc8e33327779d9f044f38b89ff551aa5bb3bc2d0c631624f
SYN-S-00001144,train,8534b375cba48e0fd598e0d6cb91652edefc07413971cb96b2cdd237690d7186
SYN-S-00001145,test,cac5b0cd11713ddee5a1d26cec6f67092d430342d57ad5689ccadce951b8009a
SYN-S-00001146,test,39288066589adc64329d1a81a7d05ad41cba40d21b16add31fb97fd3f2491ccc
SYN-S-00001147,train,496f44ba8558938d08345b9166232f33369646607099e75031da5623e28f29db
SYN-S-00001148,train,34d2fef18e47cc6a07f865382da1febebae7a71a0901a8641c0f5367239d3843
SYN-S-00001149,test,d1ba530ae93650d191cef9569501cd6d00cc943ac1c5cd94701f83f9dedd3ebf
SYN-S-00001150,train,77802293fcda86e6940e664dd3b5318d57d2566095adbe2dfa68db6e8f5adb56
SYN-S-00001151,test,374d93a8f7caaa08d9e46371248aa232df0c8ce20537d77bc8e040b050090e23
SYN-S-00001152,train,dcf626ff232ee5a04a27b2dd4918628367441985b6d7b45161cfe50c3b1e550c
SYN-S-00001153,validation,bdbb662cc31f1d868733a951540732c8b1cda040301c80998400e0f1657e9ab5
SYN-S-00001154,test,e606b7905b2fc5ff372ce5647327303c4eb6775a256b29b73e7e644f1f478ad1
SYN-S-00001155,train,819bffd9d7b075422433134c91782954faf129b1dab79abb580d0e2db5ad53eb
SYN-S-00001156,validation,9b8bc7a110166e798e25e0e87445aeed480237b6365dddcf68f89495e10635ef
SYN-S-00001157,test,c710d1dad66691aebb644422d3b16dfa23df03dba51344fb330c8070024fb628
SYN-S-00001158,validation,6d628f93518f50eea1410ee73c2318a70c64b507b076c4b633fa8c6094d53db5
SYN-S-00001159,validation,733824eb62f8a581b259d0d66c229895694e9ceb33c53b6a0670093be8d9c1dc
SYN-S-00001160,train,cfad09e818f2d74d2f6c66f960e53e71bc3004b2fb2b547853a861abf3082882
SYN-S-00001161,test,a408184f706407ce90284914ead0809cdd33fe1af8bfa40aafa0cf9592a6211d
SYN-S-00001162,test,eecdf0e1690023552a69dd9f84269b8bb82661fe7ba7245801d97d194778438e
SYN-S-00001163,train,40798e2d7284148b1096566f97372f9699089546e6a32302dd30849c6b8111dd
SYN-S-00001164,train,6172d7c845ba04fce441ad495d8221ab3e3bdfff3ffbb6f8c6ade71c3b93a252
SYN-S-00001165,train,985053c50a85e1aaaffa7a8aa064618ac69e1c7f425849313bee114082152603
SYN-S-00001166,train,343c57a8864b50161738dc94e5d52e69087a110fce950c0861751ee72162aefe
SYN-S-00001167,validation,87493af1ac41f92323398cd4d4c053daa388a8c1a81fa64ddd403b955d330a95
SYN-S-00001168,test,659d22247d48c81ea7a174b8e08c4d82a0a16ad63873af74e2a861b1b5710f2b
SYN-S-00001169,train,6cd75fb9cf6564b93f4d4607980ab3b5f6e71c8d32bcb6674b8b9db0aa23ea67
SYN-S-00001170,validation,d05f32b801ca20d217f55130f98fad0da5b4a940632e761a6ae7bc5a686c7f4d
SYN-S-00001171,validation,e336d285fc3509fb87110874b323dfad9d0d46d79e016320189a184c248ba893
SYN-S-00001172,validation,a38851f24887257c815019036d6f0b4f6748ebb761202065784684ea6a36c753
SYN-S-00001173,test,6ec0cb244e50b007ad6134bf37950c30aa1566a7af8a61f02467f464f64eaf94
SYN-S-00001174,train,45ce313a52d2be78960579b02884407abe3b184260fdfe020dc8ea70bfec95d0
SYN-S-00001175,train,3ed0c5e4b3b2e981464653be18b091d6382b02792bbd88ff14472f105add7fb8
SYN-S-00001176,train,f9a42ca203a92b8788aff0923f53d133a7abfcf5b0df81db9a57a9c5dc9f0060
SYN-S-00001177,train,a2cf83a57109b650923b7144470d7a97dada6bfd6e26e095225431317b460d46
SYN-S-00001178,train,e061074ecc22cbfbd2a12684e6d0d1a03367dd5dde7882fc53e8f736c1bbc643
SYN-S-00001179,test,ecc5f339bba87ca56cbf1baf470d913f479846cf81dea78330dc557ec3bc6b1e
SYN-S-00001180,train,28d40773078e227bec86a7234e506c609b813823c3d3cfb5c109af96132c8e40
SYN-S-00001181,test,c734d542750e6c10e0a00311e43f2228aa0ef1cb6a4be87eef148179bb3076db
SYN-S-00001182,train,49fc6f07bf0c7b92181620bdcfbc39e3ff12610b4ac456a476f6dc51d5b9d627
SYN-S-00001183,train,8b0e4d75f45fbe989b237344e5f9b04f2a7b67bb2367429cf5916574f3d1670d
SYN-S-00001184,train,d5ebbd41718e7aac1d5d2883521dd593ad2deff165bb2c201bc2d34eba68d472
SYN-S-00001185,validation,7b81bce0f04d42a67877b636088021d5bc7d6e3de5a767ed52d2e09585355fd2
SYN-S-00001186,train,efacfe01c711f4f95e057ee9b97630a62eafb2b66f0e715a201c9e79c45bc82f
SYN-S-00001187,train,c0756811bacc3293cf8d5388e8d0d2a0da67f39fa0b3386fcc79fd0b9afadf8a
SYN-S-00001188,train,55f619d92fee0ebf893125505ca012c8b58c1ad5963e239c4a0bfcc1febec56a
SYN-S-00001189,train,acaa9a62a1467762fedb270e422948a0839eff6beae7f57f2d2f9f1270e42577
SYN-S-00001190,test,61ba9fa819cca961788de3238374b2f30e200e5e098ba419fbec72e32a7aaba9
SYN-S-00001191,train,66a2e46704645e913ba810a58bbe8a4ae74d551f01c542c714f0b37a6c935ae1
SYN-S-00001192,train,24e12bcf6141645bedf814c6efa502d55380a335a7f0803520f9643939fcc454
SYN-S-00001193,train,6a13f3e662d9ea78dd90bfc39242408c10366ed3ef0dfc81d89c617644acf862
SYN-S-00001194,validation,96d4c2e8d9b1902a001624b989a1411803a0e7cbcb3633559bcde0b95e7b4151
SYN-S-00001195,train,59410ab09b89f97ff76a8070713b91e44cc64ff84cd7269861979e76654c3943
SYN-S-00001196,train,3850dcb54e4fc3c0f89a885a29d31030d86763ec4b143c21cda1ed800d872ed2
SYN-S-00001197,validation,50f4c0619c6c2bb3a5c5a43d977d597ce57a16a7165c5ac230bd811ad962bf05
SYN-S-00001198,test,e93e6ab3bd5a6c67da53b0e354f6e4eac13fa8b7add47a3a6af288c73624f722
SYN-S-00001199,test,aa08f4d98c3a05ab4d5ef93adf86def2ec382aae128d7be4f22a8a1ee9644739
SYN-S-00001200,train,f03145f68792e5771d50e23a4d4031390173c58c0ff25f1aad3ea7c977d79d90
SYN-S-00001201,train,160f120ac04375a4aaefe7ff966d9693c8c64d2ce12589ec3181c3914f09fc53
SYN-S-00001202,test,cbf946cd3b56dd5fe0215c446b6fe3ea0385e17567e9121d03ce30a14091e3b1
SYN-S-00001203,train,e52df341d0a8eddd47d190469dac5d5cffec6a2b69e8799836e5dc6708f95e99
SYN-S-00001204,train,e7eb48f2604c3b1b97a6d2d7e94ac2abdad02b11390f20e5e21d527f8e360d75
SYN-S-00001205,train,c42c582a7886332c552829a4117204e8ed882c04d8c31ae7471ed5773a0561c0
SYN-S-00001206,train,b8fa5ecefe9f4d8100ee9111bb0ed4a2f654c143abef626d2144db887692a0d7
SYN-S-00001207,train,733f6cc302227957270628446969e981fe9445af1faf6b0a02233734e6cfb0cd
SYN-S-00001208,validation,fedbc1aea17cfd2d245b31b1f6b7ba24dfa91499ab523bb413527a75ae230c38
SYN-S-00001209,train,3ec19ba1f94e1095ff43bfde419d15dca5dc0f2a8a7b64ee4d4e0f04ecf5f111
SYN-S-00001210,train,e2bec9d0f47c1f9a25952002219ca55b924bae116d0f9e4d3ed19dd4479ddd39
SYN-S-00001211,test,b3c9fe2e1010bd8d888adab4901e1a66be3eabbcc651ff3f2491f853a7f9fafa
SYN-S-00001212,validation,98066cc0bf91246d6cde155edf5ed7c1e7e074ad2c04834fa6b7b7072f589a29
SYN-S-00001213,train,a68263f5a0defc86184f35b9b67749be75d513fe82d627a77920f7f9cef546b2
SYN-S-00001214,train,0b7e737302e702d2cc7b248b70c5532fbf7b112981ca71dd920695362383adae
SYN-S-00001215,validation,a2237a61d4f1eacab0b2d2012a7b02c0efb98035e09c2f251be1b5e10ede7c73
SYN-S-00001216,train,0b5be4b3206fd3ff48eec9bc7aa5cb37206b399be326e166d9ce33ce36f32089
SYN-S-00001217,train,38121a7e9a1250d316cef6455ec6aea2534ce3b4cc9e4c65ecf2d42d610fcdaf
SYN-S-00001218,train,50a0fabfb28b188eea656612807cd350e9675f5183122d54c98114f6653e6790
SYN-S-00001219,train,ff696ba2936723613968c6cd6c3e87c6b2d6d983ee782686ac2f39fa48080278
SYN-S-00001220,test,831eb6069500bafe530f42d93725f6a433a9f3e31856ada632dfd7083759e929
SYN-S-00001221,train,12ff81a79ccc7e36a46fdee03d0a40dcc011bd26dcce4106459dd3284e4d9d30
SYN-S-00001222,train,ceb8f03da47073f10c9ca7f9da1762977dc45cd03b2bcc0dba90aae639036e68
SYN-S-00001223,train,14e79e3dfdcf010ef77fc9845158dab06022e913b7ab2f20a2f1972a95f91b47
SYN-S-00001224,train,edc9ad593da0091e9b61f085fc26c584f9d7f7e5247a7a7ec6f04c37a89fb7ea
SYN-S-00001225,validation,cef8c61b4ef52eaeaf475d4b8d584bf547191a56c801abf8a4bce39143b4e709
SYN-S-00001226,train,50d934e34eba10758ecb80379146fc0a8ca68de5df36fa1acb3bfb2a627c7674
SYN-S-00001227,train,bf3b44134af5122e0b5b2d9f786375f3adecabf7087583700898924f4f8e5867
SYN-S-00001228,test,a45ce5271ac239e3ce1ba8fad0a94d564afe1e2155933ec23a13cf87aea3b894
SYN-S-00001229,test,de478d007f8f6372a1b8a86500414b70b6d73b17c1ef946dfc55b9da641e2bd9
SYN-S-00001230,train,22f2a80c1a2caf18f2ad634401f0319f1553aba64a6bf2e6835b7edbcb852b41
SYN-S-00001231,validation,d0a8f1b17d3bbf43a664c2d834eda81f399a105491a79e7f474959f840aa7eeb
SYN-S-00001232,train,ba5cf51f164e0e4d115d88eb69e68956f7215bec0719bf2c93c5f48dbf15b096
SYN-S-00001233,train,17991a817720c4efe669c77786dc1f2d476cfe4861364d1bc01b55eb434ca2fe
SYN-S-00001234,train,7931e0a8eb4bb83b64ed04bdcabac3c01fa0a6759474c99af8f51f13d0d1d7ef
SYN-S-00001235,train,a59781f04c2a1e3cd4f55b12b14b0f0d030940ed0e6a4cffd935ad79e05c88c9
SYN-S-00001236,train,e5a9ea7e415c26500a2fdc99e5ec4bf222e03177340c4a6b2c9759a2953abf1f
SYN-S-00001237,train,ef63a6fd3501478c6d6b644790f2f488368ec89ceeb14971ca520768a0e22aa8
SYN-S-00001238,validation,664d43b2d080025e6bb1800a96f98ef5653d08e1f0336c9245f3dd466819a1a6
SYN-S-00001239,train,c110fd6b1cf30addeb400570fc5f32e0f47382b4d8cc958b9a8c37338c6d9ad8
SYN-S-00001240,test,12cf5dfd8bd22827eb52d3102601d90aeed0b7f52bdb84085de1223616d14207
SYN-S-00001241,validation,855f08d0ccbb25b367d5d6686a95d54edae35d5c4f6aa1a5514ac39983624112
SYN-S-00001242,validation,de9637ea42b5631284c014d0f3216af6d7aba5c4340359abad0c7efd1eee3d80
SYN-S-00001243,train,3523ccafb38dba7108f3f0b1503fc524566f5e4fb38042e3ff8c6396596dccb3
SYN-S-00001244,train,44a02e4f23a0a42c14ad595991b5c153a07ecf6ea24799a6b73283f33f476490
SYN-S-00001245,train,c67807b277284ef96a18cc08e099860e4fe321f341f2f69085cdcdbaa484460c
SYN-S-00001246,train,440b8e265893fb273cd0f236ed0d9d55aeb8b4b2794e5ff8d88e0beb6c94e649
SYN-S-00001247,train,88fd17845a5aab8a28894d2240af358f39ba1703b20e1467b37748725774b8bd
SYN-S-00001248,validation,8f9919ed305c5735bc149e15a8e64939eb4c172716595c8f97c6a15beab8d90e
SYN-S-00001249,validation,ea03b085aefdb94bf9630bebb6929f8d9013537f89bcc1a1ad478413ef1ab84d
SYN-S-00001250,train,74a3847f1ee7ffe98a811e5979639e999e9916c5d903ac6b3abf38d3dde2c985
SYN-S-00001251,test,8f8a8ec5edc3b5f37d2d7ab9b378888c5ea60c5ed720ce1992955dc3fb60b9ac
SYN-S-00001252,train,1c3a884a601929904ea1ade78e064cb872a334502914b494f477301f859f56b4
SYN-S-00001253,train,325f22ac40662c978a99dc3accd2457a576eaa5207579204f64cb14efda7ddc4
SYN-S-00001254,validation,7b8b99a243025039f4b4bf5b53ec9b40b1e5289ac20a253426b22aa6b7f4a320
SYN-S-00001255,test,7029f83829625b76300f7f96de1b4ef167fb3b0f9320de4b60fa2aab9210dd8b
SYN-S-00001256,train,1b4a95a1042f9518753ccb83dc48d72c049f041b4c73151db75e1d15aeca6e2c
SYN-S-00001257,test,185e847621a2af7263994616789965697c3daddf91cafad4cba763ab81e6f853
SYN-S-00001258,train,e37493b5370182ed249365d1e51c6441b36e488ac2af5091b102754d22e34efa
SYN-S-00001259,train,ba16fbc960865988d54bf2d21a4dee97d57022c6ad517fe6336db702baa68084
SYN-S-00001260,test,2cabbd65219fb899d791273b462dcfdec61c04e32b1308061f7f2206653e0d9a
SYN-S-00001261,train,63b6e383b95218afebe30d7c795ddbeedfeb42236f6962570f1757a8d6fc480b
SYN-S-00001262,train,7d8047c07b568ffe87eeeeab83c30534f6b1cd5bc6e9aa8ab5db77b6ef73e13d
SYN-S-00001263,train,aeb3af0b2f0f5ff8813f35c4aaa6698795a0f3842c34192565fe3091ee85d446
SYN-S-00001264,train,ab58887280ca558f38e084efab66d7f8db2101c64a317e9ea70ec1cebf709728
SYN-S-00001265,train,79e2ce70de5f465470be06af971ece45fe2d594544f1c8d9ebe2ea5578e5217f
SYN-S-00001266,test,f90f76e4f1d261d4596e8fd361f2dc71a3908b0f5e922dc91a833cd819087f42
SYN-S-00001267,train,afcf1a0404251a6e0866c192b39c0432a6dbc6840e1c7f26465e84285595d037
SYN-S-00001268,test,2a9ad26e2db8e6064e17f990956580a17285c7fc1baafde5f149974d9d042f77
SYN-S-00001269,train,42056dc653495b5c9be340595340de853eccff8b3b800a2b075932326c384693
SYN-S-00001270,test,f72c12ea258640090658831941d76735176478ce1e79facd669402d116c1085d
SYN-S-00001271,validation,1932d3b2a953625c76819fe0e4544900c4e69ad17f92895636ccef756f9661a8
SYN-S-00001272,validation,fcaf45d9d19f11737961856ae8e346ed35e512226ce7df5b684e24196fc69d52
SYN-S-00001273,train,e978163cfe7af3be9e2001d953031ee929cdf87f03f808b32ae0054b3e7bb8fe
SYN-S-00001274,train,f9df0797c5c471cb161296665bf614878f2fc91f3b2faee305391bb92cfbfa8f
SYN-S-00001275,train,e84f117efc4f5bfa5532bd1fdd0591dd63fa75b87e0b92e26b4a5964bedbbc7a
SYN-S-00001276,train,9fbfc23bdda36f75b0a660eb91d60cbd6b8c630c6d923cc975e4dcb0030a2b0a
SYN-S-00001277,test,3d57396ad12ebf2410e7a20893b957cc010fe1d96fdbba5191e24897e6c67a97
SYN-S-00001278,train,91b82230a34c5c7a31cdbb0c1a678d181555f44cc3ec692fad8522a7239dc7f6
SYN-S-00001279,train,1ef442c533735214e79d557509b50a801a8af09c3f6348c1665a5fa8f61f3eef
SYN-S-00001280,train,df7d3b59c888abf3a1d789662d054c386e60ee225fbef6733249c4ab5f80d281
SYN-S-00001281,train,c01230e685933390b6738d448c274e4a85bee96a25c4ec346dab742b5a0441ba
SYN-S-00001282,train,5e0aeb594705f21badd6016feec086db601160d663e85d6a7eaf1748649baa36
SYN-S-00001283,test,3202d1263278840b9e00b63b082628bb7717e22d1e47baa35c76001c38949f18
SYN-S-00001284,train,02ec44573ec21a89b336016828b0885c41480209788b30e8d9b47d0b63bd6f6a
SYN-S-00001285,train,daec9b213668f6a84e5398f520f105bcb79ca9745d3e88469af2252f92e1a555
SYN-S-00001286,train,0978852a8919b1108c1ae782641e4ed56cf878582ac6e672b77c1b6854ed6551
SYN-S-00001287,train,f49fd0c5d978c0a399a73bd2fb40b85b83e64aff0347779f6c324af26092d385
SYN-S-00001288,test,5f7ac21a266bad024d9e26c230a3eb30a2764b0b18c4696bb07b7c684ed6db88
SYN-S-00001289,train,82d480d2443ec0c44e403319bd9d7c7cfb2e2e46eb99b15fa352ae0cce22f233
SYN-S-00001290,train,fb78e4e95cf81022ed1eb5c29f009beb8f1e2f61a18dbfeff8f34610ef313ea8
SYN-S-00001291,test,c979b324642b9900d89ed813c8c558f149e554f24717e286473998ddfc3dc2bb
SYN-S-00001292,validation,5d70d82553b58ea66c14add3a5b4e1872afa2e00f78e4499a49d7511805db19f
SYN-S-00001293,train,c1f5ab0b94ebad281d4f45e13bc8c9fb9cc07fbc9d9cf2450fe9ade47e865722
SYN-S-00001294,test,860549a62b2967e240e36388777f4b746fbacfda5334a3cdd161b09a3ad8455c
SYN-S-00001295,train,40d95346ab28ca2f59af8bdc0e1f7f3223297940dbf83f0d1bdbacb3752c4c41
SYN-S-00001296,validation,be2fdd0baed79434cbd2119cd0bf157d1f9cd377cfbceb9d61c07dfb0273d51f
SYN-S-00001297,train,5cf322a5f3aa486626edfddd22c89ce24bc1338ed91810c842de05fe755a31af
SYN-S-00001298,train,b51fc526b611a3fc7b4f4844c8ba4fcc0333d8a10c8cc9547b76ed6d0ad622eb
SYN-S-00001299,train,b2d0021440432c83e3196def3fc3f6592cac10351f691c29d34da56ea5c6b989
SYN-S-00001300,train,91e550b043848395261b8dab07b1ddf388bcba2150fe8f46c74bc5663a36c4d0
SYN-S-00001301,train,b6c5125714293cb212a7f7c82eb87addc5ede8fe4cf04712a0996aaa824f4103
SYN-S-00001302,train,14ac63bc02f7015a33af1a39b335ad70f2b10dc45bd37d3f8cd3d91d06836e1b
SYN-S-00001303,train,dc96b018e6cc8f089b5ce19ec495ce9954d6a54c6059d822eb54834109477899
SYN-S-00001304,train,535aeca53036b555993600fb138986b4a2567883e95cb812b530a650b4154c15
SYN-S-00001305,train,2d399a7482396ff092d2781b584b359231d06e882509b4b04ccc5bab224ec17b
SYN-S-00001306,train,f61c05c6d6f55078ec7f2bd43b90cfbaedec34184b6d70d5a922bb4c16ed24fc
SYN-S-00001307,validation,23a58ab8494e5694602ab2e453c7b4577f7f860f2289f202a67f155605424f42
SYN-S-00001308,train,43edfab4f30d0e049a47341841d0455a1f28b0d9b2f32192ef5e733a3aec1c2d
SYN-S-00001309,train,0a2dd3f793035d9ae332272fb10e8f9d3764c37d362386f7b45bad5117078125
SYN-S-00001310,test,223d261e725b22989eb6d805916233fe3dbf04010e62f9a450d93abe0b952ae1
SYN-S-00001311,validation,408228f915d189ac6e50192a35f4bd515aa42f264be4f51b37a9d89786b401a7
SYN-S-00001312,validation,cb67592da72d416ffc8cea4040b1bd7bf1dce24fab382ccfc5ce4619f81a6ee6
SYN-S-00001313,validation,bf605ad7571cfba6eef25e06913b6149602d6ba0923cc0127be9720b269ec19b
SYN-S-00001314,train,f0860eb7ef612b6a9f4f25fda3519fd5e171d0c5a1e2cddb412f68f999f6fdb7
SYN-S-00001315,train,4dfe41d698942761a739d80db741f5a73699db89cea034cdde25f6a41acd36a4
SYN-S-00001316,train,62b9220269ad0f4f7eaf33966bba9587c31a23ba09f09da88ddfe2c11ca8f6a7
SYN-S-00001317,train,09aa67000bfe2dd664f3ec66e0fd5a7fd3cb430292723e41b925a05cdb49caf0
SYN-S-00001318,train,addbb6337512bc2b761ddecd4e1030c18b197be14599ff1104561836295ab53d
SYN-S-00001319,validation,6eb697eec2e14aaa6f359cff225992a929902fadd2d06f680eeb2972fc046e73
SYN-S-00001320,train,f1707905b4c082032f547c97c554c0f13f9f26f955e24d9e7ce636e3e1e6316f
SYN-S-00001321,train,b2412f1dbafb76c3cfd6b4954edec317995ecb86ee20cee87d4d3ae7fdf1e1a5
SYN-S-00001322,validation,596ee66a93f1611721c806e015a1b8749af82dce8c92e7ce4ca331211ccbc761
SYN-S-00001323,train,4b6bb0b2ecc79ef5cfc41d6f6baa081cc13e2475198d579f92dc106be09506c1
SYN-S-00001324,train,c47a4a19122d4b41e20e94baeeb74f848c938c9a987fd5a28ad6039876214d13
SYN-S-00001325,train,380d26a2b8ebf42590459f4216ad661cd746e4a487f5e0a2a0df108bcc608c8f
SYN-S-00001326,test,f15cc9fd44fc014b9b80932d55d70d555e9d589735197ec8d29ad20e8336cb0c
SYN-S-00001327,test,0d98b2dd05da96d0d1c189f4c11a2ec7b635ce8c45021db21c838e6306055413
SYN-S-00001328,train,a10f478cc6cd688dcba8665b80b7266d0ab2841c047640233f28e78946f7d6a1
SYN-S-00001329,train,e47d259af8a99c50fecd9feb63773d82df2ec594a1faf3d0e89ca7c54d66a1ae
SYN-S-00001330,train,734c31cdb46105bb6bc15fb432f0d274b1fe8ff095eefded1a4a9be3342846c0
SYN-S-00001331,test,0bf32e0078305f7ff0a056a7bead8ad0bee830894525aaa4a97411b6fc57c2a0
SYN-S-00001332,validation,c580643161049f128518ebe51bc46154b8f8cddf0337fad6bdf886fa192fd67f
SYN-S-00001333,train,7420077b23475b91b401aca65f5fbf61856f8c14a4e9daebed676ca615d74997
SYN-S-00001334,test,23775dfdd7cfaa70122fb1d4d2cf0fb966c56902593e8d128c19ff8f896b51dc
SYN-S-00001335,validation,d506c945bc2e3205b6f77484f3fd03be740f5df8674ac30d661d355771b7dfff
SYN-S-00001336,validation,a41efd62d5f913c28c45f77a8c57c8ce1e377fa99e602387612672d23f9893d2
SYN-S-00001337,train,2be6ee8550ff5bdeb13e29149510d9d12e1dd699f29a1a53d1a26c80b66fd190
SYN-S-00001338,train,5823d5339008ed71ab3ab4e0442dbdae668f2cb9aff8d5666236d733befffc7c
SYN-S-00001339,validation,033d58273e18391aaeac73b961cc4f2d12c21881ce2364896de64fe03a864741
SYN-S-00001340,validation,f1ce62c3f5ab6a77848ef53833f173d68d0f0f95017aa21161fdc4242e4f7153
SYN-S-00001341,train,2cd49b1c81881066445d5f892c165b5134519e1ca380fb7c1a7f0cff9069e3cc
SYN-S-00001342,train,caeb0315ca31dddfde6bb00f8881fe7082f64db75be3a5ed07f10f6197062399
SYN-S-00001343,train,fbd8326d589528121fb3961a9d953bf137a5d34cc02d7894d7a092074be46da4
SYN-S-00001344,train,ad38716d902f293404a09bc7652b3504b69d5f716ff70bfff83954294f02f1dc
SYN-S-00001345,train,97032a00218eca09a6a1e873befb0cd2c750caaf5f9a820b39fed8ad3fa20e44
SYN-S-00001346,validation,9196775a99a5af125296ac80e6957119995feb48b77d43a23217b3a3cfb05c4d
SYN-S-00001347,validation,d0d19cfe13efe3e8de7f2796af7ac02429a1980aab3c3c27add4c0adfdcdd2a2
SYN-S-00001348,train,f5fdd1a8c5e8b0a6de24028c8ffb8211f306d17ab8c8fd36bd1a71e740961f71
SYN-S-00001349,train,b45b9d9ffcd1774fb26554cb6a2de24f570cb7d074add13f252a8cb0492570b4
SYN-S-00001350,train,15de852e9152e57e8ccbfce60eaa42994cf3c7cff76795f547228efb88781925
SYN-S-00001351,train,19c871257155d1228c17efa207338a953e003baa40ec9cacd21f9acb8c283a20
SYN-S-00001352,train,58835baf637d60edce420e79dffb7759564d110bed1c91c96e70b7050ec96459
SYN-S-00001353,train,0ca96efc6ad307a6af8b162eb67d3063d00bbf870750760a1192813f50a3c546
SYN-S-00001354,validation,7c82933313ff4fc32335b15af6144b25f08a37f31cd60dbf6473d761e7278f1b
SYN-S-00001355,train,0368d5f890cb083ff7713de98e61ab252ac97506e0cbfb09d0c1128f7bb047e3
SYN-S-00001356,train,51c8b1ee1ff1e6f720aa766a1a918b54eb9b124d6260f6dbe6c31ef9a749f1d6
SYN-S-00001357,train,73cd252e94152c6e107077539c3f122640d1d183ffec65c8e9b40c0648211fbe
SYN-S-00001358,train,e74e5138f94ffc36c07e8051b73390d6c9550d82e973cea5b5e774e3b0e820ea
SYN-S-00001359,validation,158005f81079838362551e29fa560e720eeb4d2da59efd5a2009fcf47d432a84
SYN-S-00001360,train,c8a3b67261828a3ecfb061ec8f4deac33d534e6df4b2c3443bed8ca8090916fe
SYN-S-00001361,train,37f7a36bc6b9690ffc99d479d9b5fc9cf764ce25c0b90be5e98e74790510a00b
SYN-S-00001362,train,694702920cfdda3ad9f77fa3d51c6373486052a56bfb171f20ea125b3b0d9bce
SYN-S-00001363,train,488b92a9ef1af4d84d119a714fabe17f3431fd33c44411c5285c6b0e762aaf2f
SYN-S-00001364,train,b15ea7466a09174d246838295418e1cf4ecea3acee2ce290570c9ec7f723930b
SYN-S-00001365,train,11a909949bedba5bfaac55f9f4dc9001cb77b57a153561330eb059e733c96998
SYN-S-00001366,train,41347b8f913ee08720db1e3129b9a6f00e1973b24d5de981b9398254ef3c02a8
SYN-S-00001367,train,c5da8daab5e07956987d38987b3567ef47831e20424bf67429f483636e971815
SYN-S-00001368,train,105362adbb4afe77972415e35044fa0c1a57dc5e74e9d52dcfe13a90d75c7a9c
SYN-S-00001369,validation,2e0db659fa988dd8de15de522878168fbc99bd5da262d1238bde7008d26a07c7
SYN-S-00001370,train,1ea9ea4ba3852f69b4ab5102055b41379e079475c431d48d3ae0994fef8f63e2
SYN-S-00001371,validation,d8f6a437afd0b32244f379324c73b9edc2291b8efa038e3596ed30b5bbea6b79
SYN-S-00001372,train,3945bd8c75e589a2b49fc3900b3f6b8b5b26cfa507e54437c2687444986cdc80
SYN-S-00001373,validation,ca15209686a20857adf09ea99b707eaa76260794ee4fd1db1a7b2a2261bc5a71
SYN-S-00001374,train,9445ad7b2c759514ca0337b2aff3097e41032afe394329796a0964980ceac39f
SYN-S-00001375,train,52b3da0da8ce1fae00e83e6f58c4d604f0c3b1214cbf9e5077b88315e0ed01f3
SYN-S-00001376,validation,46eb53bfd5545eb6a01e5a64816174c38a7b8851975baf1d5927bffa9746f13a
SYN-S-00001377,train,91810e6455418ea2b14c5531d771d64c55413ad6275d187d07c1ab024ab7e0e3
SYN-S-00001378,train,79f75fe915ccaad60f3c3c87b5175e22532fade34cfaba2e0e23aaa77a031ad8
SYN-S-00001379,train,cb3ef0e34ab04d5bdf3c62447b06dd930d07717e4eca0e60268dc7e32de793ba
SYN-S-00001380,test,df5e51d3685f7692ccd13fcf3d906cbf8336ab03987c8c185e253b04a1533c1e
SYN-S-00001381,validation,7c6dde56ba60fbfbb3c697f25e90e286997d022aa06acc59fab6d715838264fd
SYN-S-00001382,validation,a8f2bae742548347835edab3aa5462e6194cae9e4eaeb08dadbc77d65d5c6070
SYN-S-00001383,train,5735e6c5da8b58aca317611430774d3796e7a41f38dc330f28d4cd352efb7acd
SYN-S-00001384,test,a1974b1192fe5c79b80acfce40fb5f91a19c3e37a65813585cdab10ec7c10a14
SYN-S-00001385,train,060ff82d7311fdbc0c62c540c4d8a0e28712988ac402f59cbde2d0830819830b
SYN-S-00001386,validation,5a6989f94c899f9f16613ad3ecdcd27314c53cb89ab339bee9750c7794e5e4f8
SYN-S-00001387,test,93198ff35a31a01bbf3bc66157c43276ca94e39a425a560bc4348bd675d53aa7
SYN-S-00001388,train,64aed302d16fbaddaab35890d4d24c8373f71b7aa8619c0d42119dada827f572
SYN-S-00001389,train,6e4e09b88ac473e8693b59c122af3c236e6b49517bf9410bccf9f4d42d9b8496
SYN-S-00001390,train,42aa21bc140db8c7068b0d3ca604a757e425c9ebcefdf1b6f960aa7252fae3a3
SYN-S-00001391,train,a3598a2b312d265a6aeb8c729df0adb956e5d223bd6947433ce5ee838391daae
SYN-S-00001392,validation,58048a4e2323a372e5554602fa309dd816a90870f185368fe8d94157d07dbc1e
SYN-S-00001393,train,c4538d7b6efc35fd298ead7f501595da96780e9e48e3c8c467f95ce1c6ea0c6a
SYN-S-00001394,train,98d50c446bc791ee9f52c3e1db70ec945919b586a245fd420844150e712add84
SYN-S-00001395,train,c5fe3a09706744a6d9979f0deeaa5520ebd1b64598a5ac9ce1975d989c93801e
SYN-S-00001396,train,4d86a85e08bbe8a61a5d24d5d1295e62981dd1086b3206fb70800bfea3e71b40
SYN-S-00001397,train,eb4dcd849b145296afbac8aa203aeb09f62555ee7ab95dc16a2ed025766ab0b5
SYN-S-00001398,train,05f432e22a9f0d84f8a1cad9353a5648fbb98ada07898b9d0557f083058e65c4
SYN-S-00001399,validation,1845651ac6302bdad9c42b1e2112611375ce2489f381b8d13326d49c1cf714aa
SYN-S-00001400,train,d6046c4bc359c9148a07192065811aed098da09ac283961952d4a17fb003d83c
SYN-S-00001401,train,1bbf2fe74880a6cec1813ceee74fb00233eb6fe94ccd05c2818c2be622b5b2fd
SYN-S-00001402,train,058be1ad6f688d479c2efbcf6503fee0aa158e6905dc0cec23d1140fdbeb1069
SYN-S-00001403,validation,a5cd139357ca745e9fd84c342e309070635e8d91d8d4b629226618a942228f31
SYN-S-00001404,test,65e4a97f0d194c5f82a52119e1b643d8906d9a84ab1d8e0d2b10867c0486f04b
SYN-S-00001405,train,3fb06e4d1b8621cd9d9e4221c23b5fb67f3760ea2e4a183d34c91130676fd257
SYN-S-00001406,test,1f7203601ef8100d6dd62dec946d11d77dfa50fa81da57dc75a06eeacecd9792
SYN-S-00001407,train,26de72c5ddb4fb4cdf9aaa481847294652657d29ce459fa02d3f9e805c33a466
SYN-S-00001408,validation,dbc4a4fe6e901c057f85d031f3e2172146e9d372c48cde989a5a52ebd0363077
SYN-S-00001409,train,6fba8bc1456fad08d79b92dd6f224266a2909458be3b47132ba46e83844be869
SYN-S-00001410,test,14ea55d6b82aad724d9429d79ac81c7cce42ced000d163b75b99f205f2513324
SYN-S-00001411,test,f955fc5b15c5cb487702e8065ab3b556fe959905ab6462d3fe9736c17bbf93da
SYN-S-00001412,train,eb97d6f38c0963f59bc653a23c4348caf6b7b61e8c177d38f1dab566976cdbb0
SYN-S-00001413,train,f280c2eddf873599960afdee44d05333d4b81529bf64b4cfbd32475d387687f3
SYN-S-00001414,train,86da0b940802553b88d1db7b47dc5829b0936a2cf5a10d71950178955328cc5d
SYN-S-00001415,train,e7b15b47abcd47ae09892b8d94e4c66ce9778f55663ff0f5673c2d71e9899e5f
SYN-S-00001416,validation,44b83ec81bff306f2ce9c63f9cb7371806047f0751917c087ec869a7dd12ffd3
SYN-S-00001417,validation,3115fdc7b6baf787cdba72c187c898d8171faa117f8db5cf7e05edf263fe52c9
SYN-S-00001418,train,0ae7fb401a1c7afac0bbe7cc06aaec338af9e14547481ab685097bdc5460074d
SYN-S-00001419,train,a362872c3c28c1270c02e20b39212295b59a353b0da685e87ca749d227a13abd
SYN-S-00001420,train,c21571a829e4c5ff6c836442ce88138d2fb00a685c201cbc2c18e0d9bea455fe
SYN-S-00001421,train,d42ced5f1fe49a7d99c08bf002cf739c7615977afe9b11d3bd1069e638132522
SYN-S-00001422,test,950362bbd5710a9d81286d8452b70a32fc1e4797e25df7526e5fdf2d0723838d
SYN-S-00001423,train,b9ae6580ddec53855e818188191ed21720ab9da121043185ea7dcb981127a65f
SYN-S-00001424,train,27718f853a727b34c2f7f95e035a2521a432f35d6c0b2a1a4894b387a9d65b98
SYN-S-00001425,train,bbfa4aa33c83b3eba0072765ec3e0850c04ef48afa274f4a72b5bd387bc3fdc8
SYN-S-00001426,train,b4ba0e4884b76b32cdf129c03c6d7d7c70adf8b9b478066bd2a0baa32ccbf39b
SYN-S-00001427,train,7801873af73ac07e32fc8b3df4e27135aca9923a8fb5a35ed86b2f9b22e81136
SYN-S-00001428,test,64691e63268d83bd7ff3dff0d3f7e4a8120ac52b3d641f37eb2a7457ba8b1097
SYN-S-00001429,train,4275747c0b83f52cae380802311262984ba0963d1bf3a96b437cd141c921eda7
SYN-S-00001430,test,d6f4e1f776ca6c84b039122604f24e7a298317178ad7f0a5df90513af5a6a533
SYN-S-00001431,train,e410285135e712a259688b90a2c5640f37cbe30ad4ca275d9851152f4d05bd2f
SYN-S-00001432,train,7ad3c1e43f9fa69b6e2349a10d09feea1a947348933eb8ba88b30e7542f4d2c1
SYN-S-00001433,train,b57e1c924bce54973feeaae3f31409c4dc29440906b7c291ac709ac558ca69af
SYN-S-00001434,test,0f109dfca38ff3119be43ca533d3a689d26d2962be7477d3040122f224c66ef8
SYN-S-00001435,train,bed4176ce8eb5cdd98d55c4f2318f6e2308d738b0cdad5dd1c35976eba473408
SYN-S-00001436,test,501c8fce5d9998669b5d8533e55802b2d14491ac879d2fbc2fa5a76fa0b4485e
SYN-S-00001437,validation,00e13e2b2ddec6d4254af8ab24c1f1058355a520aaa884a0a7c8515125271d63
SYN-S-00001438,test,b58a77c1240b71203fe66a83352b5bdc58008579d94dfb915081a44abdc9122c
SYN-S-00001439,train,bef91272dc9bcf0a335c6f45c0c1ed7ea810d645cebc64709d73d0b9984e1cb1
SYN-S-00001440,train,ba2706fc722261681733a3ea4710392f1fb5824614a94f1f1f647afbd01c70d7
SYN-S-00001441,train,7395f55ab525dc7fab20c852813abf201f0588179f749b35fc63d22221eece6a
SYN-S-00001442,test,719585da43b43a7574ac05cf3fa3207522e15cfd9a3ba5f74a4c4b7f2cb94b2d
SYN-S-00001443,train,613e975edfe13778895fa75703641d692a5365255cdb9cfbb50104ba5729a23e
SYN-S-00001444,train,33057ae658753aa6b61c039aced27ecb90bd0dbee76d4116a566c4b75a246271
SYN-S-00001445,train,88d5548a0830970bca9450f08d3d3e92b5ef0b4a2f32ccd08d8dba53dc956ce6
SYN-S-00001446,train,9b12b62e0acd92f06286c0126477afe2173f53f6eb1430088e24965c1d613a58
SYN-S-00001447,train,721b8beef90244b1d15b0ffd7833d0e0c8d7765b0bf515a615613d8cbeacabca
SYN-S-00001448,train,fcdc5780ce5a3031d46fe3d12dbf8b215b2ffda1f1cfc97a1499e2b11318da55
SYN-S-00001449,train,b80a12272554bd5295ea57732ebf73b4f710161f0cf2e4595fe91f14470cd448
SYN-S-00001450,train,4e55dfda8ad6d293df71d5b868353f36dc010ccf7cc385e19929647d1ac0a18e
SYN-S-00001451,train,8cf4adc9ae8ffdf54c265fc6c72a54888da80a8911704679d548284ab44bb12e
SYN-S-00001452,train,f4bff03e3c4e276e69a8b0e1e6585facafed17595a1e09c4768ca52b26990942
SYN-S-00001453,train,ad4ca6d63ad6f6d4403bc5c83b9be66565b90ad2a1b4e0bec5cc8f1440a55731
SYN-S-00001454,train,890701ecca956a60feb10ad1489fb9a2a7fb523a51fa9644d92759a4662f6b59
SYN-S-00001455,train,c9857798095c6d584fa1ac4ab77e1805fc0f5fda745cc87eefd9751ff73c49b2
SYN-S-00001456,train,b28d4c7d1536ef12703547889dadf235059c3d5cf7e882c1a96c7f8b60e82978
SYN-S-00001457,test,cc3e32c708154addfbd232eb472a097f7473a79138a7dea78a9240e3c6ec4c0b
SYN-S-00001458,train,f9c5734691ee1d2c5dbf1423cf7606a683185c97149dbd2fb379fb6364dba6c5
SYN-S-00001459,train,5cadc9ce3c13740148c4ca9c821710d46f3440454ca7ca6b1436bf7aae021eaa
SYN-S-00001460,train,9d09cab495006decae586c6222ac20674c02b53ab4682a1fe9b56fb48cee4a6e
SYN-S-00001461,train,f76510cc00fb4620209362bfee514776bb5b1b6dcd7117d9008c7072a2b302d8
SYN-S-00001462,train,30e763a0e6df7c46d20c4ac599dc7b11b64370efa89d9a0f8763b867dac3af77
SYN-S-00001463,train,04e55bb0349b3c71621cbe717339216f0f7017789e64d68f8c77c0a8ddfbc714
SYN-S-00001464,train,a83a4e5a5477afce9575e54a3d50f47031a56213d2f8bb820092ffc1b0e4f742
SYN-S-00001465,test,a5cd5f7a6b7217c9b431657e8c39a48d21ed7eba900000febc6b1ac5f8a0b62c
SYN-S-00001466,validation,a072f1085d2fa61cfb67399f10c40a3b5d35a7d45ba5211bc66f9649171b10f6
SYN-S-00001467,train,ccbe5ba34e7079ce1c7eea1bfa1ee308f59d39460028d0ef536b5ba5bb3b74a9
SYN-S-00001468,train,fe5b8a3cd37250f5da9a2b535e8654f3466d994174a1e39cdfc12de076be28b1
SYN-S-00001469,train,e98c139c9bc3fadaeedb336662234424078fc3f4ded5ab92d6596f95b6b25e92
SYN-S-00001470,train,46b3619860984185a1c043d18567ae1fd2dfd5912ccb25f460adf4b2572aeaa7
SYN-S-00001471,train,941a6d0fb78d06677c01c31ab72ffcd6fac178492fc01c53018fbfa5d699936d
SYN-S-00001472,test,3265bcc99215477a0542704fbbef0b0fd0466ef16ed986f63480e3bc6253188e
SYN-S-00001473,train,04cbda2025e5ac74feffafe5b07bbce36ed71db50008e45f17de2289ea91841c
SYN-S-00001474,train,0043b7396a8b64d9621a882e82a8323307d7a5c681bcf2d1f65d34320029a848
SYN-S-00001475,train,bd6e2733b8ef312c1a938ef17616880276f7654b12bd29bc3f17d0a69968dcf1
SYN-S-00001476,train,5ca0dd3a31e65cf5a3adb4269499e0627f4f0d955221af795d61950292a382b6
SYN-S-00001477,test,bdde0c08ad693fa3b263522c56dbe8c1fd8580e57b01cab2bca26999a504e86e
SYN-S-00001478,train,590747902d96642f60f1218c7543b89a362c90873ba28952f6209434c8e4db60
SYN-S-00001479,train,bdf30bafee425273774b0ae0d1da5302d85ff54281b96f7381cf3b6ad2ed7335
SYN-S-00001480,train,753d8ea863d60f13045a3cffebc4248b489f807e34e47064e8d734accbdfb013
SYN-S-00001481,validation,336aa3a215e78ed1c5691c29451dbf7bf429c92c3d1926dfc80ea5f858a8d8ef
SYN-S-00001482,train,7380595342050924cd784e1431ba2441d4f6b85f6d02c7478583c38456b06252
SYN-S-00001483,train,e787d5c3b4859d8a88674a86f530ec15bdf4a4da2525af96e5c383d77f19b81c
SYN-S-00001484,train,8943ab0d13b6b2623537c5bac9e47c3883e4f4394b442f115020c3c4216668f8
SYN-S-00001485,train,1133d0df7156627dcbe6ac4a49ef6c2556a3b8f9527dd0591249b0b6f833198d
SYN-S-00001486,train,c73035c2f02b4e024237092897b15702fb611a92d0d7fdeeda0af4e5ff8415d8
SYN-S-00001487,train,fb0365c310571cf640f98cb73ba64f1a1cdadebcf1863de820f95e687b5ce740
SYN-S-00001488,train,c7cfd62434cf652ee553d47c5cb9ba19d79a3d5ae01b4dbc831abfd575b45e43
SYN-S-00001489,test,6e279d975df46e950c3dc84730712d2243e87bc448be0edf173c2eccce08c16b
SYN-S-00001490,train,022f6106d42534d348ed02c78e0c8fee1ccb9de27c3a5b44e35a2bc143820c41
SYN-S-00001491,train,79e9159d213291438cef022c7b11115d74b36e1e97a7e4032cf8bac5a7462179
SYN-S-00001492,train,3ba0dbadb54bd7e25f8c0694752a6e7c16ace77b457e96250be8b408f27300ac
SYN-S-00001493,validation,5e7ca4c753c194e0ee2f75ed447560e7dea2110fc684cc490a279887757b8541
SYN-S-00001494,test,db6310a0d734b58e7051257590187593e3e660fe607d41c67aceb5e80b4153d2
SYN-S-00001495,train,06e5e3bceb0aa6cfa4da722474614eaf5863f3662c7277a0830d43f3a29f3978
SYN-S-00001496,validation,6e23655811f21f8e98dc2ca00a6adec7e53fd79b97fafd4a98ec6c296aaaab39
SYN-S-00001497,test,1f1aa509ec02246fd478945a198a43d74b500708ae6f22fad95dbb7d0702a5b7
SYN-S-00001498,train,228a7778843089f8e44e783f6cc1569858a6e0a828e1cbf2908482e2c289b747
SYN-S-00001499,train,35c7def222df5ed179785041471935175ad03c34913d295cf0b5da67253a5225
SYN-S-00001500,train,bd4d8cdbd482a3cb7ff0053063039701b7bb03bcc7e8dee82b2e906c450670f6
SYN-S-00001501,train,350580782b4ed0813f236100517ff637b6d1093fd63f33049e00b08be676d444
SYN-S-00001502,train,133791c0444dbbb085e65fbbf14b870cc5714e4657b609ac4519f55c83105352
SYN-S-00001503,train,188d3e41e5a5eb82cda36290d9f0b4fca6db262ffdfe22edc1919415ca51b313
SYN-S-00001504,train,6f289007f8246b976c13e7b817a56ce19bcb629f3dfdfe3a0d7d3cd11c65f381
SYN-S-00001505,train,c6d0f32f4d3f3c552e2616cc3ba19fd9aca13edd6118dba213b989c330b71812
SYN-S-00001506,train,1da588ccb2e0a95922397e63f3a71c8c5b402bab93b04393463152cf5eda9c30
SYN-S-00001507,validation,ef95da094f50cecb8876a8c2c95ac91bc8f6fd4182ae79d6635cb3d4f42047dd
SYN-S-00001508,train,1b5b05a5220a8857d79769f249e420abb857f89839233e5cf0d9afa6954dd337
SYN-S-00001509,train,2fcc081d5bfe0de49fcedb337ceebdaae572338c3c424dc5a147c15d89cd33bf
SYN-S-00001510,train,338fa8e3d26555769e52b72d45c92a5fdb996e97a3e7430434f277ba4a073b73
SYN-S-00001511,train,28ef951321128902d933085cf04aa1b6f5c548b1e214d1f7e88f43073cfda218
SYN-S-00001512,train,977d7213836bd3b6525ae8decd49aa1ccfc4bbb57b57ca8df8b5b5f9b9c0f76f
SYN-S-00001513,train,e4992cfe3849b1f69bf4fc1478e77dae49e751eb8bdaaf3e4b27756f531a8320
SYN-S-00001514,train,f2674a720cf4cb745748f60a43b4a28f20c32939fb79143648482337962cf27e
SYN-S-00001515,validation,d245719887a75c5cec7b2f91dd048c9c929724bc5eba859205c5c2353bbe0fe5
SYN-S-00001516,validation,247437e2ef880e6151593358a6154368e98a40f89a17d9f9b59711ee475d3acf
SYN-S-00001517,train,9ebae2d8702567805bf3e1dd1db256749a829d7a61738ab4c653b093132a8614
SYN-S-00001518,validation,3d140bb92d2449f99cd63f9e8777a8374a40dcb7f50244a85cab2f9e7d1192be
SYN-S-00001519,train,f07ac5b38e1b17277efeddfe73c65d316f9863cd4efd4c46f5392f0b056e75c2
SYN-S-00001520,train,66302c4149ba21477584a5ef1790e19ee9c385e02cea7c5a806e53a386365d5d
SYN-S-00001521,train,b14124a2df66861a53d8aa85c6a8c39d57e0c0d62f3c3a9661cd505a20290749
SYN-S-00001522,train,248336035f3cd3df8f0496be464e96e97332c86537ce09c6cb37d3cfe0a224eb
SYN-S-00001523,validation,2fdb36da058fe54373691bd6bb3d4fa53f89daf0f0d90b282f336366479a49b3
SYN-S-00001524,train,89aa9e3e73091d9dad709ac4bb77cf7adc35a6d3a15cbaa2120a4d8cbd4f6049
SYN-S-00001525,train,3ad179732f2fa191fdc3f897204fab3b677b2eb83293e7147bd90d5664ccfafc
SYN-S-00001526,validation,11ec887568074405e0fd73f932519cb5cac69c9a5036ccc8ced6829edd620c0f
SYN-S-00001527,train,2ae9e18b0389aa9a0eb614260b9189efd6b36e9ad93210b75d003e4340f6c24c
SYN-S-00001528,train,e5df15321d10c21b204414ca2136bebb4ce017d3e2b19c419cae5ca6246bc379
SYN-S-00001529,train,b3fb5c6124d9f124933d2ae6018ad44e7339729b6209338b340a77a807a81408
SYN-S-00001530,train,0d09473699c8ae341ff6900de94aba3750c3f0a21d03f4d7e14b6fda7b12176c
SYN-S-00001531,train,2182c5442b6f141f502e99fcf6b81683a376c57c79b346b5c0398d2ab05c0145
SYN-S-00001532,validation,f1c2dd3588e1c74eb1f8d60ca6ade1043893938b2f84c93a640374069ab3b2ea
SYN-S-00001533,train,a4b300c732be15978a9c76c5891c70275c39fa11ca903eeda1dcf6a378bb1bf8
SYN-S-00001534,train,1b9624dfaac3ec6aba43f24f55a56c9e8eca550e41c8156ca09b712f3747c11e
SYN-S-00001535,train,1ec9eae5e05152c2889c78e965978b4dc2f2b6df68665354ec98f5109f4a74e9
SYN-S-00001536,train,309db8e44ffa2e2654481a4ad3f430ddd5a4c9b64a2de7e9b50c1bd7374d2a63
SYN-S-00001537,train,055e1b6a007dd85c6f7360db6512163adc46d4afb74a38e756c9a79ce52f5f46
SYN-S-00001538,train,7ea931c4efdcd3be9190c61eb3815dc9ada729984b8a680284668a7c1e344eee
SYN-S-00001539,test,d91202ad5dcce5877c5a3036da15352668a6064e87316f653ec405602db69003
SYN-S-00001540,train,d53a55b7eeb6be780acaa64904b7363e983d82a2bf1146099f3ba26e35c2b418
SYN-S-00001541,train,b3b19650600b07746226e5a2d73779f2d08e3fa73ed67826782338a0705d03e3
SYN-S-00001542,validation,c5fd63a0d4e77e453663170ef923d4e222dded1f54770d604ce5d726fd46639d
SYN-S-00001543,train,9672ae65ab442eba52497b049dae068eb7f4b70d727254145ca7fef93b335b68
SYN-S-00001544,validation,7a00c096d5fed6a36551709cd06ff1c725e3634a5e160277bff34c2f05450ef5
SYN-S-00001545,test,f851ac5d70ebc8e18b4409355ad0c7dcd53faf1e43e6cb9548eaab6a5e955503
SYN-S-00001546,test,39a590a39473a6e3ed2b014b131182c58f0e34a342f8bde1119dbf74abff0647
SYN-S-00001547,test,39237761708742c2bb4fed00219d6e18ebe027bfaaf5e1a7b141ed3a1871667a
SYN-S-00001548,train,ff27c57de142c88131502141815612495331edcace43c176f1d01686de974da7
SYN-S-00001549,test,db483f7ed6a71f1eac09bb9ab7f64dd8ea09b58e69eb0fbe8043e66ba2445b09
SYN-S-00001550,test,a24a8ecd66d909d7ff3954855c485e46c9c2917c1d829f6b48e21bd178a06ad5
SYN-S-00001551,train,59509b25b8fa7253abb7c61e2f327bceb677f6cf0414960ce0ce1a949c34ee86
SYN-S-00001552,train,2df053e5fdd2f9073da6e527b9d7d606c3534f5f360f3c669ed5df397ffe809c
SYN-S-00001553,test,131de99b5a6cf2dc090e49c3ebf1f1067a6ee2a54a7d281db423de06e46e8020
SYN-S-00001554,train,4389cbe196b51e4b025620375f6f575f14fc9aaf49608883d5b89852cf2ccb4d
SYN-S-00001555,validation,bddae372910db9ac10728debc0b8e3b44e151e445d250068f65fd3024d809d22
SYN-S-00001556,train,e5f168cbf2b93b1804deff6f866c46477920d21e815b197d4d9183ce6686a797
SYN-S-00001557,train,c16fca19a6c39d56364a516e96e27d6db1715329298d6a481252d5e275f6b689
SYN-S-00001558,test,c7ffb08e18c505f190661f4bb776393db6ab43e43f1c5904c677557384402b9e
SYN-S-00001559,train,5ade200f2483727214ba68ced386483f8740b4de9f42cb6ea02103fd1994d27f
SYN-S-00001560,train,3560dafbe5e84488e906116d84c6e7f5f087dc46abd1cc33de85f591ce38f020
SYN-S-00001561,train,b280717d3a12975d5be9fe43465c639a718de61a2e77a14c58e724a6fe99920c
SYN-S-00001562,test,5d9b955c77e18d84d41ce90bc3b22a71fbe3b3d4912e72f815c587ae3ca8745d
SYN-S-00001563,validation,80c478e7012a64ce64df348748318b1fc0533d4ba19eb59264493f422fc72aa2
SYN-S-00001564,train,ff5ef92d84005671580addd91ea5dd1858226c722f1a6f05070d7a5058fb3a7d
SYN-S-00001565,validation,7bf3b5079819e0e17b3cac65398bfee729cae96b859b93704e29ecb2e9f9fde7
SYN-S-00001566,train,ebaf548d019da5c96f7f50fb4c4aab0253b0b72d50819194d2c2f9e1563552b2
SYN-S-00001567,train,8e8b68a12416c03d2e0643608db9b94612fa4519acbf0d7cdfb7cca21ae84296
SYN-S-00001568,train,71c8623318a00734095179556081f2148a7b23cd415f7627917a8a58ba0a39ca
SYN-S-00001569,train,05b028fe18f46b81c0cbb283b7d3babc0a49a1d78f3fb066e99d6634fa6abb7f
SYN-S-00001570,test,3b5b90b24884f5b4bc5c0d0f7437c54e65349be257b3278721d1d9295e7924e2
SYN-S-00001571,train,dd84d8b68b68ea1da9672a4d394460990da070152f65f6dd8a85fb770114b303
SYN-S-00001572,train,8560f9094dc9400a0028895094cd046e4a1b1838e29d9ffb70febc962ed13af1
SYN-S-00001573,train,a774552ee45e1ac390d07a683aa4f99d3c041dbc303966b33da3b90af28777e6
SYN-S-00001574,train,db1b0ce4987271e49bc5e2727a4e827dcff66d3a73c44838a4e261cf277d8ca1
SYN-S-00001575,train,9d2a65f29f0c75ee25b0716993534d0c32c2d80eda6d34490ace35f2ed8af369
SYN-S-00001576,train,11ebde6a3b1c6c6de225473d10aef1954e6c37d61376299890d067069fa98db5
SYN-S-00001577,test,a87b096b42880315b5f59fd6fb58b98b8f335f7702cb61583a0388d7939e23ce
SYN-S-00001578,train,d19654c417772f174d1d33ec4967133d6e00644ecd0c75931018b0b39dba3a67
SYN-S-00001579,train,d620fa9e3fb140af5119c2b87db11baee90288f608fa89577dba98a27370c2f0
SYN-S-00001580,train,fd4d6df6a15b224dccbf5606aa1ea00b506c696dae986195460a4d5620c1f4da
SYN-S-00001581,train,17f263cb4e167078adcfbfbff653068aa8d7fc6542c0ceb9fadea90f24c9f42f
SYN-S-00001582,train,0ca555d2276fbc4b19776deccc81b7ed604d83a1e2e3c984fb7d220aec4a2d45
SYN-S-00001583,train,1ed79fec8389225b35a79dc3b53a96347706dc039e1edf4f5c38b661d6aa6af6
SYN-S-00001584,train,e1ac0dd31c2c421f9bc96441cc8c8aa5f7410570f93c723e2f57a5d46414a810
SYN-S-00001585,train,f23f29fe32b1f42ff888278a1979ed8d1c20484cc5f3b14c30a3ac7e5ad6fcac
SYN-S-00001586,train,cc1dbb405d9355c6a84174551dfb8e116775a17be26ee02fa409c1e542aac6ba
SYN-S-00001587,train,426fcc62ab5d3e6164f14eea589b3af922588c33136859220f8cab313045f993
SYN-S-00001588,train,9ace10f5ac684c58da0a41553bb3fb3381d19e4e4b3e6575d2009e7f4fc0b9e8
SYN-S-00001589,test,453615fb074fe7d5c94c20208267206177d320a9058543ded8d4d3e27c0f663d
SYN-S-00001590,train,b91ec657d2b64d483cd8ea9e2ca4168502323262ddebb3dbd43fb81e5d3ff798
SYN-S-00001591,train,07c18974a1611b49e54a7a6823434e5cd9f0ab49c8c32b5f93355f922e6c630e
SYN-S-00001592,train,6ae89fe82b1ca7d3cb5a1c45a9d9804815a9d53893385b292a5ceb1a9c19de02
SYN-S-00001593,train,4f7582f50d8174d1024565906100bb3467f7e38f7799f5f1bff6e7823f2b0cc8
SYN-S-00001594,train,1febdb41205a94e583c5474c24f1831ddc18d6a85c75c7a776c8134ca9828a81
SYN-S-00001595,train,a75bfe88b8df2ee1c927a125804ea805b5880c77b5d642a9806909dd63b22de6
SYN-S-00001596,train,64b3ff4346c6dbc657ee5e5ae2d2cd9e128f38f961bc3cc281f7f459fe4376ee
SYN-S-00001597,train,ad7c78c716a16090afeb25b3e6396a928e08761fe943b1aa1cb949bc554412a5
SYN-S-00001598,train,869183255d30527af50b0346953b8199f8facdc42c5911d687c5862358c67c15
SYN-S-00001599,train,8ef0c1c9772fe71f3e94dca63fc1f93e4af240920df07ce44a4d83d205a4a2d2
SYN-S-00001600,train,567ad723dfdcfa14649ef0c88ff3b8d23b9175a7592f52a7b475ac704102c79f
SYN-S-00001601,test,b3ad2faab704c07ee8a2a61b8c384f7cba0e3d68707b0f60c764224a3aba1d2c
SYN-S-00001602,train,100f9e12bb21cc4f66b2de69d30a60039ba10b72b5511f9a2b05e0443463ce90
SYN-S-00001603,train,2794c2996eb716637a1484b484e0d5d585301b68949e13e28fd5068cb9db58b3
SYN-S-00001604,train,d3fbd23e0d6b71bf305cebd722bd045baf16204c6dcf97aea294ec6461366b15
SYN-S-00001605,train,c98cd1040d66b0695f481696a470d7707d88852cf43b8fc760c5c321410ed58f
SYN-S-00001606,validation,1f714844d69a16e6c98c7534086741a93e4b46536c88daf3c9d3a3c9a3999c61
SYN-S-00001607,train,538820a091f7d16bc70cc8b6a58e327bb6b5ac80f1185385d3af99b945b71a29
SYN-S-00001608,train,a5be8f05b56d1f3b83e4906050c41e8a4e92c62a56e51726e8fb33bafbaea8bc
SYN-S-00001609,train,da867ab6be9313a71b060545e8148be67726c39f4d123762c52c974742112c44
SYN-S-00001610,train,8dfbdfb6da002cea5280a29a04c3e7b4ad92b3e0c4ce6b133e25c978728ea91d
SYN-S-00001611,train,8839111ed7c51fcab80227af72d23d852f8e73921c760fa32fb24ae2820beab0
SYN-S-00001612,validation,169982f0b91cbbfa1940c901cb27116eb313deb353d85988545f3b2f695bc49b
SYN-S-00001613,test,2b683f6e37b3cf6f9a28444dea7ad29047644f5fdf8ede8e7b5c083b5d576ca3
SYN-S-00001614,train,be30924b3f09296d3e348f1f14ace4d41489a451b53bf5b7e98f5bfbfa612d8d
SYN-S-00001615,validation,2547a78110fb552718c6d0802d5fcd7265e7e87a0fc8824546dda0457a9baba2
SYN-S-00001616,train,40fd8839674c9af5bd4cb778a293976a1d98c8fc2f6bb53911ff1a6ce6fdb876
SYN-S-00001617,train,12ff319047ede02fe76295dccc1e841872fdfa2fc070a9f48b9ffee3ae46abe9
SYN-S-00001618,train,1be3a054b1e3b742e1ca18be55a13be2b04afe423d61f6e05beb5370e2ccef15
SYN-S-00001619,train,9b8aa78622dbfd228339034597526aac2881e98e97afcf039dabb3163ceb76aa
SYN-S-00001620,train,6f7da4c83c6bd935462c52bf462fe83d61d189a5aaa33825e1bcd1931de88c61
SYN-S-00001621,test,cd236a1a2af69627574bdda598749ec6ea3806469600e135b90a9e390c7ae12d
SYN-S-00001622,train,9dd1724b6d665d3b89e095344ca163ce40c323da9db2c1560a15c6a1780a06a3
SYN-S-00001623,test,aa8f2f14a9f35b4e7ae37e8c6c739a2e9f3a5f2ab442b70dd6d140db1a67f2fd
SYN-S-00001624,train,700cb459bd33dcf89fe2e60d1f11885b06ea386a2118ee14070f5f6fb931087f
SYN-S-00001625,train,ddae8caab4aa59b6bf0e50cdb63c4604dbceed3d078c3fe70ded210f972fc974
SYN-S-00001626,test,0c2c522af4096e486384b4928bd2a93d05d098d5649453c619656d1984d47a72
SYN-S-00001627,test,2b6810dd30a8b8181a6076ea768672c638acd316c57a9d4e4954b06aeb296cbc
SYN-S-00001628,test,e606f859824dbb65d122152f4728880e69cf00058dccbece7f22617e965dbd23
SYN-S-00001629,train,e5703e30c3263370f4afcf5be69b0c81d6a02281dd5b917f73f6e16864f43a43
SYN-S-00001630,train,cc026047317b060ece7db270d44c72432bd41d8c5d9ce327e23869a98b3e26dd
SYN-S-00001631,train,a18adadfdb45bb831c0cb8a5597296f40a661df0636f93bb2d970d57e6dadb57
SYN-S-00001632,validation,daeb208d5b003434a3a5b4a0670c01dbd2cf0ee95ba7b2a346d841bcca5d5d79
SYN-S-00001633,train,82a1c0b5a6dbe410a6be9fa7b783611be1017e547e7f34309398ce0273542ad1
SYN-S-00001634,test,14e827c4a056e5afaf98628295385e9b004d79f30de6b5813b1dbd7ae3e6d326
SYN-S-00001635,train,447452e68daeba0fb1f6a7197c0fd6d874e258a9677f07e4e22c5b47f921bd3e
SYN-S-00001636,train,b0dd54045666c4e196c26cc15f4fb3b90c740fef7dd51f06737f0960186537e0
SYN-S-00001637,train,d433eef0c249ef79e422aae6283ebdae27204fd85cf7a6ee4e06ea7cc07b3183
SYN-S-00001638,train,c19c5f083b75f25d721756349f3299f89578d370115520053f68e8bf7c0ded91
SYN-S-00001639,train,b8d2bd90a4d797610659f47f50e1b1cc768cf2bb42ce4826d257ff0547cd6703
SYN-S-00001640,train,93ec120ec2ba89470053e32c51ce520f85cddeb5b7edff972e1a29ad16073db3
SYN-S-00001641,train,52f7497008d27828f26669dca62c2f1e2f00915df39ffd38d97047c4889beffd
SYN-S-00001642,train,1cde691a7297e5570bd24d481db3820ac5cc48678ef048e82f54411d17288b7a
SYN-S-00001643,test,88060e526e38376d2274ea7f3947f132c6d55a3c80a38366d3fb74472724b452
SYN-S-00001644,train,5636c56b2d7c896262793889ef9426c46bb6c84d06cecffba0452fe9b7030436
SYN-S-00001645,train,823caf20a433d3a02fbbfc95c0cf0449f0b634450210bf02f04250b29d149ca3
SYN-S-00001646,train,cf5effe3a14c0b8e6cc7ce1aa43a9e85f1146bf0c570173db458936d5a64cbbb
SYN-S-00001647,train,d85e0b6331b14abddb847b0fe418f94f454c138f088cfcbf97dad03597c028ec
SYN-S-00001648,train,4ef3119443bd6045fca82e6517ea37dc0c2b6499a15263b5aa685e150404f40d
SYN-S-00001649,train,ec608ce25f0e70ad80dda845fec9e41aae686c3effa42ca10e00ace89f7a0f60
SYN-S-00001650,train,f72f3de4b21c2ba19a67a517f5da78664d310b02aee49e1fb6ff8cff942457d6
SYN-S-00001651,test,e0613c22219938cf56cb470c79ebcf26b4c9ffb084f5d9467f559258b23bcdc5
SYN-S-00001652,test,9ae9957fb2a393d543e2b55164be429ffd6ce6be401f44662773f4615fbc6a9d
SYN-S-00001653,train,72fc24a0bc67f04ca616c1318aae409c47ebf8f66cce6523bc5639e4b87eb8e9
SYN-S-00001654,train,0d8aacc4a664296416a79897a059dc36ea000a036b5f0183946b4bacfb0989f2
SYN-S-00001655,train,44a6c8765eeca2ae8c2488fb0fa53a33978f313919df44b0c866879234c5c3da
SYN-S-00001656,test,f0df23ded039c99fe2c87c5f0e5c729026f618d586a0c7d06f64db4b6fbd6663
SYN-S-00001657,test,0036ecd5c77224ed0099aa1e5b0501d82ea014d1644e84401c23169483bfd772
SYN-S-00001658,test,89f4e61f920fbaff9ae01c96ab76edb543635b7167ce360573100db7d8199605
SYN-S-00001659,train,80a50b7e13204afe00ab366a7346df6a94ac3dd79de62729f7d297492dc6af0c
SYN-S-00001660,train,cf168d41ed8bde2712eccd2912e0b41f112b1bd946e115da0e7e07e3ca71889b
SYN-S-00001661,validation,5052f725b58f60ae891f3ed3724d1b431eaceb21b68f939f305207171553f56a
SYN-S-00001662,train,88e674a435c6c2b128171f1c88380d9f959cafe4d14c84b0c8a73647b6ddd2dc
SYN-S-00001663,validation,9a13228ad058315234876996db04e06b1d60d4eb3939661198843bbdd3a487fa
SYN-S-00001664,train,2dd23e5c831d340e3f6c375bedb7ac26d29a61e172fd07236d5ee7da4bfe0c50
SYN-S-00001665,train,72f797e4977da23539f751a4d9b153aeccc92a3e3e705a018652813f727dd355
SYN-S-00001666,train,73dd00126d8b8cc3f843cd33b5d5d947180ca67cecdefe8bccf076c9849464fa
SYN-S-00001667,train,5c612fd161963082dc20185cbbf262cce253943dcd6b7fc2101710ffc11a590e
SYN-S-00001668,train,75fd3eefe2b1f6094c38ac5285065506f7e1cbcefe6f148184fd42e7bfb3cf17
SYN-S-00001669,train,f92ff4d4b3ad894b4d9dc843f9888b500315469228832f867d0f2f719e6031ad
SYN-S-00001670,train,2a297655733681756de1d781a3e9776a79a5e8c5d6264dcb11b5ab2b57edeb90
SYN-S-00001671,test,c1d43babad6868bf4c5f64868807fdc13f238d175d3d3a048d3cd87dd8d2c81f
SYN-S-00001672,test,e12ce38d013122607830d9586a29fc4c15d90f095ad04850e5611e8eea1e863b
SYN-S-00001673,train,4f12ec00f9d135dc81b86f2768c4c41ba5495bde54cae9ae4782862cac71d15e
SYN-S-00001674,train,247e0661dee214c55f40995856aa72449b0f38a65060edc90a0f40d5040a06cb
SYN-S-00001675,train,cab2fbb1ee20fcebd1ba80f994391640853686f3a43da6e1c85bd33d3ceeac7a
SYN-S-00001676,train,5dce66911c612c8d01f897c53a21eaaa32b3aec356607414becbe2b085e57660
SYN-S-00001677,train,9d6f7e031ade38ccaaa7df66898a986524221e8233446cf9bc9e229de6d9fc78
SYN-S-00001678,validation,de09e3751d06fa48ca632b66b731b573b43e228a61a018e4d589d0c6066f71bb
SYN-S-00001679,train,499ffdece3109f0992a0f99162ddeaa04154918dfa73786650b3c48b67fe73cd
SYN-S-00001680,train,c2f586bd0898dcb1efca2992b5a57149e2c5c7477d756b7baaf778a6a06a018c
SYN-S-00001681,train,e5587d20778b73fc3907124dd6312a87301a0708d55465edb5342ffeb4186327
SYN-S-00001682,validation,f781ec72be9dd90618fd710d2c50373031d3860eccee72379a91626b337d95b4
SYN-S-00001683,train,bd681483f7804b45f4fc76df30e54f429c998d441b512f2e238859c441983faf
SYN-S-00001684,train,00a490283fdbbe83b46f6baaed1fb076bed44cdd8ed6c2a9b1defc8b1b9ba6b1
SYN-S-00001685,train,e4dfe7f86fb2a23efc46c971b804084aee95adecac7b94cf90b4ce97c857228a
SYN-S-00001686,train,86a9c99fc3b63d894026078a43b88000296a70108053c65d9556d35f285a0990
SYN-S-00001687,validation,234f85294a4ebf309067a0acf65429b227786278927b0949f668634d6f3effbe
SYN-S-00001688,test,ca77dc8c55d1e8556715e19593c06bca3e00515a5704affd6fbd0992e8cbc791
SYN-S-00001689,train,a002af3f5f0b3a43c99cd319db0c58ae035d27104c5077781ce8392dd4cf727b
SYN-S-00001690,train,87aa4eae4fad3bedac2894319e37ba0b941bbb736dd27d9bf2d4984c6a9a990f
SYN-S-00001691,validation,0401e370b58f6a853fd11c0f48c0c64d5516d177c62b6a2a7c9c5365c0973c18
SYN-S-00001692,test,a5f82ed92fc5518348c63966c8f60e62c15d11782d2c50305a414c68a5cc9353
SYN-S-00001693,train,f51403020201b0a0ad26572038f8153ac067da1de9135128fbcd3e62600bacb0
SYN-S-00001694,train,b5a3aca6deb250511e5beb125cc87dad5e32b17e21c16bd045e72d62328d37c5
SYN-S-00001695,train,50d343fe804fcf87210bca469688f026c9285557fac2fe8d810ed83df6951031
SYN-S-00001696,train,85dbc47c6d4ad1025db6a18625f0b6d7b0d6db0598c7101de93b97faa6ec5802
SYN-S-00001697,train,47950d8a1bf107d57c7c943ed6c468af06ec0ad709183d5594a67e5e0ca554fa
SYN-S-00001698,train,ebf1a869f8f02ebbaf7c028b1c34c5a36c0176121950c683e83beef14d138cc6
SYN-S-00001699,train,44f914bce8051ca01a3136fc8b568640fea369aa03ef4b36bd34631d9afe1906
SYN-S-00001700,train,5ab1d30eab631bdad34d4fbef211b997dc1cb861d63955f8f39129675199e72c
SYN-S-00001701,test,4e3231958541905ca891dc38c97469e333ca4f28da2977c569986767d44c8fbc
SYN-S-00001702,train,51261ea6e8b62afff3fc1a05cce5e4417450e227ece8cac52ee8210b4cc0ba38
SYN-S-00001703,train,d5133e0589a2fee6a6d8f36a4cec56d229e9dbad6a0bb1d87bf13cb05e4c036c
SYN-S-00001704,train,2da16755d5af46fc34b6cffee19d25ef36d74190b36bcdfc03a5657a1ea3c227
SYN-S-00001705,train,7cc5edd4939c68aef9512f2cf0920601bfd3c93982a979de8e0effde6c867851
SYN-S-00001706,test,d4d0a3acbed5a1ff20dcd5d7adf4ba8fc48619c1f9104d423b117e63e91705f0
SYN-S-00001707,validation,76d3cd937c900a83e863fbd31b18d352f4e735cc1e1f932fa02dc5761d0ab92b
SYN-S-00001708,train,72e0398332679540cf98514bb27bba4d7c51cb3369246e95a4e1e2c4017191f5
SYN-S-00001709,test,ea01b76c7bee99c1411651d6d1772984ad765d4a17cb61a8b75c929835f847c5
SYN-S-00001710,train,b822db0f4d1c771895b569eea407a01a8a75bcecdfe072b470c14908e449b822
SYN-S-00001711,train,b9e83985abcd7a9a1480f00e044560242d8e1f216a6b6fada74e6145e3459e22
SYN-S-00001712,validation,a51a299f7239795b9d4f9b4a0c4890550a0cb33129f5b5b68fe9c05524132ed6
SYN-S-00001713,validation,8066b23dcb03920e50109e87d981328864f5f8329108e078039127cd0ecd7802
SYN-S-00001714,train,503bce5ccf6a896e23fe3d22dcd195b70135d8fdf0a1a0b2371591d0ed03046a
SYN-S-00001715,train,d498a5ba6771b020375c04a60bbd6e3ec077b51f20f2df8bbed5b5a730b2532b
SYN-S-00001716,train,ec173fa9d4100708f98cab14cdc5019e883ef7e22936b41d0740e5c620737a36
SYN-S-00001717,validation,521f0cad585aa284b15aa4d976158f5726c5a97342ab60bed8ad19b1736ab8b6
SYN-S-00001718,train,fd4a757d82cd9e19650e33531cd5667982522262ec82e6ca44c9b8b5e3d9b5cc
SYN-S-00001719,train,da9134aae3ce55a0fc2439bd8dff1038a4519d04a82dc231f91c7b6b534d6011
SYN-S-00001720,train,79610e2b67cd7f69b17210d6549c1c9415ab133a29f21e5103d07140d243ac46
SYN-S-00001721,train,5d07e83650825ac23e89e6f49d7059d672e326c6c87bf956c2bb90009d7914a1
SYN-S-00001722,train,156f0135376c86e2a830066040229f82c34b07f64327706697df3d6cb7ce5996
SYN-S-00001723,validation,b54e0ae00dbb6a97533464deb2e3af26be35062277dae44dee7ad5e8d4e837f9
SYN-S-00001724,train,ba3cb476dc495e79c1e56f713d4c421a703663ee9af8d516a5e24f20aab76709
SYN-S-00001725,validation,0d4800dbce258b876ef5d95b6cf4304fbc7007cb34a6961f09e32efb19fc482e
SYN-S-00001726,train,c48b415f5a8ecab1150589650a2d30442e3537a470e1591c7b3de56ab50d657b
SYN-S-00001727,test,5e59ba328c23535c9bfc05dd3554c8ba09ab1136896fc5d123bf0de1a57f86c4
SYN-S-00001728,test,4fdeafc263d8c7df29234cc7cc29bde5648137f3a0b58d96698029fd606f197d
SYN-S-00001729,validation,deda8c571cf3b8498af989f89f87d18c6959bc543803b25174c4468fba75ce86
SYN-S-00001730,train,2c650d6477191b8b6fe344ae702b431ca11fa6136bf717218738d4f24f44c1b3
SYN-S-00001731,test,2e8563ae24c5042ff298b87348fcd79b4985a7a76d7760ef23af3b00c091ce6f
SYN-S-00001732,train,b91579e9d0540351951b9299d82fcf9969b50b41a7ef426a16102804ca52b52f
SYN-S-00001733,train,e15b229467f39fa22222c00f8e3d9ba145c435944d2e123a846864e5474973a1
SYN-S-00001734,train,95e05031b8d74e6a5f0ac88e7276ac4134ec19891295bcdd68aa146b268da4f7
SYN-S-00001735,train,c63756047c754637170c83abb743753840aac89b00b3ad1d8955dc5c6040c71f
SYN-S-00001736,train,c3ff31570682fd4437b764fd35dbe3e02e856d3eb4e72facddf76acadb5e735f
SYN-S-00001737,train,29e4cf3f71ec73879fc847a8cc001d0467b671eeb38437ea392abbb35b048e1d
SYN-S-00001738,train,52fec7a2496bdc159b5241638af09be0cc5756c7726d74ee7956902980cdaf82
SYN-S-00001739,train,05bbbe9b5ab1c6c16d0712bf8a38fb2672d957138201236d7bac7b5dc9ec6912
SYN-S-00001740,train,edc781f33d77256e2f09f3de442827e1bd6779c35c3cc3d182763f2f00711e31
SYN-S-00001741,train,78679f2352d40d018c285a9081623fc556a65cce4cd8f9b0fce7f3465683e51e
SYN-S-00001742,train,36fe57b1541048e02df656289158cbbba78e25c6f757b43191fd1b5e9645ba76
SYN-S-00001743,train,beabc14ec7b84cac57f800644bc2bf8ff2c882df828ab88207732f78ed5e781c
SYN-S-00001744,test,d58c5861cb7c75e2e9bd428a3ef13d48d0bd3be1f98962f85469ac0bfee18f46
SYN-S-00001745,train,1e3f175157e5bbb2b45c8ac7ed36d6edd1efec98231f91fb06419b4c757ce56c
SYN-S-00001746,train,8d86e28b74e0c65b7819a32ec836e2ee801368acb2212aac4a29a6b91b2d00cc
SYN-S-00001747,test,76cf27180535e052618927c7d5c6b6af7ff8fce7e6b104a03e34b3b5c41bcb96
SYN-S-00001748,train,b87237e7ac28106f4573f5d77020ea4d266d4e705209ee3846c7ec17574781c7
SYN-S-00001749,train,d0688c15eb3180d2886ac9b785d1991a64e65cd1d64fcd577c34acb3d4172574
SYN-S-00001750,train,53cc652aa417a06f2cf7562f951a4581420b4561809b1e944268f58a880355bc
SYN-S-00001751,train,0f036644f4bb049dd5f15f747e10aa989ab815f60bebae76ee215341027da774
SYN-S-00001752,train,ab1d05d0408fc1f0a995584dc91caa3b3aa4b9186504504d66a67c9419b58333
SYN-S-00001753,train,04714d36608859529f153af9806e609b1059e5f13358dc2cd1be853bd38c1bcc
SYN-S-00001754,train,756099cb7b2419f3ea1f3e926b3619e169ba30ad074a5146bb81f5bd74084910
SYN-S-00001755,validation,d0c044905496e7caf0b9c4926b2c4c851cb90100430df07a6f6e2af76f82de44
SYN-S-00001756,train,640c8dc8b7d5f82638d7a438066fd53cc2df003a6b292cc353357d5b1a9890d0
SYN-S-00001757,validation,6d9e9b6a0c0d31e86a312082b3be2b9220aedf480cadd42a57fbfc5075e7c886
SYN-S-00001758,train,d827d0336a1e210cce37c5a7710e3de491d34d329645cef33d4a25e7d49b5a7d
SYN-S-00001759,train,7281081acda75114b0d2fe7909ea67b738744ff63bef7d737c3e0e6dc49212f5
SYN-S-00001760,train,bb1be667edb2ec103ab32c5121400ba7141a4b3f8d6cf7da32ffbecdb772e303
SYN-S-00001761,train,a7e35c0780f3303c8be245934a30abdf1edc1b4f46fc852718d87f5a8b9c5f46
SYN-S-00001762,train,ec9584529c807f30b7cb3737bc0aaa5d69fda3c77f8bd4a731044efd94592cd4
SYN-S-00001763,train,975e02fbc9d58e8d28ed772b2d57824caed26c421a476630ac636190eb105a22
SYN-S-00001764,train,930868ae8299d900813dc6deb2097a9a2d53b35daeb867f18cb5acd81cb6dfc7
SYN-S-00001765,train,420b1c3cf2628c36137dad15ccce65aae7bc212b124d7759ee517f746d7513a0
SYN-S-00001766,validation,979af87c0848c3bd34eaffb4e622b155daf8b23257102e504ca64462520d2f59
SYN-S-00001767,train,17511f9bcbc2395ef0496a385f50e42020ee09767db1cbd5f00e985873b606c4
SYN-S-00001768,train,3a6f9eecea9d188d6f91b1ac1d2b565882d290588c3fac0d2add926410bcb279
SYN-S-00001769,train,9c651c4e1b421c61764042b430feb20b9e2b2b7c8fa39f68116036bc723a7e06
SYN-S-00001770,train,2d5994b8de4e21e70ad95ec806b0b7aa4fa96d272e9439b24389a404089284ef
SYN-S-00001771,train,4ec526e73a283b2704f2e86577c6d8b84c797fd02f2709c170ca89a3ce5511e9
SYN-S-00001772,test,24219cce688e6212b094aeee2956bb7c3a58f93b97715ccbcb077b6cebb7dbda
SYN-S-00001773,train,88886aecf79029fde7038d8ed6a168132c1d0ed67cdeb3a29aea484b4190adc7
SYN-S-00001774,train,13c8533f281a0072c73cbec794ca451b828da292b7cf6c9c5df2391daae1ee5e
SYN-S-00001775,train,e5f8a12b261605b97e2ac31948c13c25588f355abf182500329a3e26f3581236
SYN-S-00001776,train,73edfbab070d6fed94b73aa45425ba47dedbb735fe98f0a85cc25c4835496116
SYN-S-00001777,train,5b2843b8be6369c3fd75d378a131c23be16517b640dcaf161208db33c1e60fde
SYN-S-00001778,train,0d43c5c76d7cb683cee186200f1494fbdf40fb1ca95f6e4a4b9bbf2559464946
SYN-S-00001779,train,2b7bc451382f46284bfe6ca005f03b49794a67f90de775e971f0f08c55cb63ac
SYN-S-00001780,train,398a178ed2a495698dc6707308aaebdf57c63cedbde90493877153c47974461a
SYN-S-00001781,train,d5ae82ca8119ffcd695d0061c506de071c7cbe5bb78ae937be34d064860a1b11
SYN-S-00001782,train,5d597b76ae71906e3ee33f86e8e6946dfcb6a44a411f2169da17f815326fc09f
SYN-S-00001783,train,6fc07520beada93a762dfcb09d3f989c6f3241c6b7218d829f279f1cc763d1b7
SYN-S-00001784,validation,33275464250c9c9f459b38ace19f001a0f3096c8b4374e0523721ebcda45b42b
SYN-S-00001785,train,29994657916833a42e914f52a4952a4a768e3784a5f4f33a72ba8eb956f16ef9
SYN-S-00001786,train,f512eb44ba9670b70d24af6b669679312bbd05037befe7db20397f4113470695
SYN-S-00001787,train,969eaaef5732c68d57cff5d5727564d0747c58e4e79769aa5c0df235c89e816b
SYN-S-00001788,validation,9d408c24ffc4b5683b4475ce49989d33ed40bc0ac6f5d46a5fa15857e4cf084f
SYN-S-00001789,train,1436d0b6965db7d626240a3520b23515cbf53ef46e6fd3c32fea99b64bbca0a1
SYN-S-00001790,train,7f3c4f7311d9806258fdfcfdc576ceec139480a7e1f192b70e241e12a04296c5
SYN-S-00001791,train,d11e9dbd05f20b9e4406ff83dd89fe20c9f9a111c16c1fe9c98b74376ac47e7d
SYN-S-00001792,train,f12a55bcc1ba20078dd22f4585426c3584e0d78dabd0f6852f8f79c529caaa36
SYN-S-00001793,train,1264d4ae2040c33b5453cc0215af0e9ed7a5dbf84505affdc88d5066da843766
SYN-S-00001794,train,f396a2927368f224c8f9b563c48e5eed37fe1bd89d031320794b940a512a0f42
SYN-S-00001795,train,9dbc406d0a83b477d81dc4526576101597e73189e4f931a1edc3f33e7a85ada5
SYN-S-00001796,train,d30e425627c1ea2e8c72899056665e060d9500935fc8c3cf6068985ef0f27cd7
SYN-S-00001797,validation,b2fd4a6c625f08f45a579b71cb24e2d2ff59076768ccc3a09285e15566be793a
SYN-S-00001798,train,0bcabbaa4c2a19d9d71c2cf55ab7e35d48336cf41d0099f4822eb695364c0a03
SYN-S-00001799,train,6e544fb7b9e3130b46f7fde90977c3d63584c5a41c0f711bb441f4829edfa47c
SYN-S-00001800,train,f0ef567acecd34378399bc696db9c068d353d89de148a2760240a67a9a9ac2b5
SYN-S-00001801,train,0ec5a8e3e204d4685ec290679431ea85a40cdca759e2a3dd0fed58db914770c5
SYN-S-00001802,train,be474ed8887c1cac04075682d2d8b83b481dd9ff84d0f2e0699c6766643b4214
SYN-S-00001803,train,572bd6357fa9cde782baaa08c6ce06145bc1697132c138c4e1fc65c7064633a3
SYN-S-00001804,train,86713c52ac3c5961002402539a05f3d95f34c76d0683744a8b28a5f5202d013e
SYN-S-00001805,test,fc45e37e78c58d7138140770939cfda26e7ff103411cd4d4538cbd5846f7a4d0
SYN-S-00001806,train,cbaecb196dd1b6aadb135aa53db2b36fcb8ba4fcee2535a58dbfb7f4fff5831b
SYN-S-00001807,train,b01a14696a4daff407d41ec2503fa17c40dc69d48142bc60a2b38a4e40794cad
SYN-S-00001808,validation,6c7a8ccf7a25bded9f6dab57a7e76abdb974d7a8b61f7a9c9b59c5eabeda9b98
SYN-S-00001809,validation,a80c299b1e62f953ff2efdd4aedd5b4aac6fdab7a5e4c5e44cd9841a3f1111a1
SYN-S-00001810,train,9a43eeaa16982c8393d24080c85f5b31e7b433615e8446b849929e42a1453a6a
SYN-S-00001811,test,382fb43df0c909f665f1d04c0e589306de78757128baa24fae5d18be234de720
SYN-S-00001812,validation,50db4899fcd4c5ace5596fb97f848ab069bef300df9cafa3599d94c4134c56c9
SYN-S-00001813,test,d1afa992ff0080bd78bb2684bd0762f54d0bac31d36f8921ef0569bc58a95c26
SYN-S-00001814,train,c09e9f3006dc563c4c0e33fb224597535d0546b297465e4d451d2b620143365c
SYN-S-00001815,train,f97dd1d556bc2046289e59b3b60a6072793a1aaad7843bdac89b4f5d2a8be763
SYN-S-00001816,test,59097153cbbfe53e6d719ae3f8804ee1adcac3459fe8451bb89014abd7897882
SYN-S-00001817,train,48b4513f0fb825bc66bb1e210953a0b1f58a9b7e6b4aa0e096afe2ab8133f28b
SYN-S-00001818,train,114b4d2143b644ccd01ec7103108502b9ce1397a0745dc794561c70b82af1196
SYN-S-00001819,train,cac266df94785f188f6c9e111989fec048a528596edea0055df8568d2883a055
SYN-S-00001820,train,21da50daba2807b24a1b03f5c30b1e4fafb4ad1fb925510f5f71cbeb9c980704
SYN-S-00001821,test,c45ed118e1f15562c80dfc72f96db34abf2044acc1dc9e8e0675dc01584cfdbd
SYN-S-00001822,train,701e0011ee37f6b299d1431c7c4ec8203417c919b836b4560ec8421c7721845c
SYN-S-00001823,train,999c85b45e7cc631fa70908c57e55b26e5fe66fa471b9c5ddd61ecac39828809
SYN-S-00001824,train,8ac63b8120e413831c1fd94f183006342618e46e8a6fb7c97bfaa99c6c0a4a51
SYN-S-00001825,validation,e84bf4c42446837a1a966e4aa9546848dcfebc52c76b6092b3b1e858e6e55ee6
SYN-S-00001826,train,bd0ac0765008462e0d9c8d80b2c84af41c4d62935eb0f562544a730d4f0a0036
SYN-S-00001827,train,d0af0f0bb3d5dd1694287f86cfbb81bd568bdbba50b9a56fe7124ff3a65d1b5e
SYN-S-00001828,train,05e06565c6ae5c563e3e520a6ae9ab4fadf39f85e24fdde78147646a97256959
SYN-S-00001829,train,64fc3d5b006dbeca546b72334980d2526cbc815d80a2bfc81e40b761fb4614c7
SYN-S-00001830,train,c259335a3abe69530fc1e1ceeead989ae4d7b305df2935791ac05bb1f1013f03
SYN-S-00001831,train,d3e35391446f22e5e168f61a74b0bc837131c8c41722a28dd28e795e9ff451d4
SYN-S-00001832,train,ea6facf9a1393f7b17a8e5b01b68cde8f65abf9924d7ee2f6f265c5ef20dcdf8
SYN-S-00001833,train,72279352a1f84bf70bca67552ddc0a4300059dd216a36053bf2170f8ad3ce33f
SYN-S-00001834,train,f876fe3604268b42a5a85d17360ebd6040b73ed596b606ccbea8e91d61f5951f
SYN-S-00001835,train,2030e610a5eae580bf23adaa5c3b1ba7e4ea6f0713af3a1f07496fcd1d5c871e
SYN-S-00001836,validation,067529fe9387fd9a2f7511d26285168c05a5e22585386af7fbdfdba3b5a79a32
SYN-S-00001837,test,b5c803a283100e752ec35b029b3cfbfd30f2831ebdffdeaadb2fc11a46adfb65
SYN-S-00001838,validation,cabbae08c93fa7b89fee6d85b6968635dd1a6df0891e1d6bf369f89d91228d7b
SYN-S-00001839,test,ac364c86cff8e8f1109bb6635302312c13cdfccd1c135ed4a1457b01bccba2a4
SYN-S-00001840,train,5d65dc2330995b6bf64f55d96cb031a4b2fcb307d7d35ab3f38e1a4ed08acc05
SYN-S-00001841,validation,030ba7c1576d235e8dc7b184d4439c303d6dcb4f618cdc3601c62fb2d81d5eb6
SYN-S-00001842,train,3fa7587438d456620fe919bc2754c17a35ac69772b153e5836fe7d466bfce44d
SYN-S-00001843,train,b6dfd0c0d7aae2e0326a943804ac0926059b63d9e91af6f57e6cef128af7cfe5
SYN-S-00001844,train,b4dd6e9993adb6cb7ae3169100e23fb3c1a24e615cb7a309e0e013b12876ebb4
SYN-S-00001845,train,f0e06d482d3b0f36030496b5d9a345c4cf8e9af554ce50efa6c36ab5f846ad25
SYN-S-00001846,train,615bbe03ffcb3961c143b052de17e084cf352c3017d5a43697375e3f9888eb1a
SYN-S-00001847,train,02ce515ca9ef9f3c57c047c56cf101985690b86571fc1fc4363cd1d0adcb0f53
SYN-S-00001848,train,7a7ee99921903c31267d5b3e61d48ef657c4cff87128343edb469ce81fe86b5d
SYN-S-00001849,train,95176f3bff3598f986cd09f5a48c22d5a804746d510a6eb359c39095cfc3207d
SYN-S-00001850,train,43f634474cf562e4927223307dc62b5cd97035dfa80d81ff8e248989bd05da81
SYN-S-00001851,train,cd62d06359a3486846e038fc736ca5294e5121bd0bb331e9866954439f86d57e
SYN-S-00001852,train,5e58909eafca4f92c2e1b8d01f222733f4a52b4752bcbee8f95d33dcb6c0c197
SYN-S-00001853,train,b7d4c504a4b8c44b9067a11b5045131a46bd487f8c52ec18e0c0bcdb77212312
SYN-S-00001854,train,d85df097991a98491a7897a546e8a4e1f547562396f8a455570a5d9746636c6c
SYN-S-00001855,train,695cb90ed685654de099e6ccb881d52ef62329c5f3d794bbe11dcd85d386f5a1
SYN-S-00001856,train,b47a384a620c6b10ab8ffc987f6d0c9ba135284b672d2e7a136fdb56cb6a1b27
SYN-S-00001857,train,6ebf3c34df01393649454b819699daf1060b906999345a1502e5deb7fe4c89a2
SYN-S-00001858,train,369626b37c53fc8867ba2229504c3c4e24ce79267559692b065675a3753a227c
SYN-S-00001859,train,aec0237e9a8f4d5cb9f008d924973e010a3f3f937df9156b650f5ba5492bea2c
SYN-S-00001860,test,63d274816445ca848c892f2a01e5ec71475156a579d1f82dd0150a60d9b79328
SYN-S-00001861,train,55e6a213af4ed117df24873bcb54bf8db68596fabf879f656de4f9fe2a2a79c8
SYN-S-00001862,validation,f1bd498eb62f43bf95d99cf29360873aecc72001cd863c6308d9d9ea06002008
SYN-S-00001863,train,af0c2fe32a5161c7937b1471ea417fbd286f1297e5cca86353198ce8a2ff167c
SYN-S-00001864,train,5db2b19c0e980602271c6a907ea8ce69d079c72636bdfe41bf66db5f0ab010d1
SYN-S-00001865,train,3d2b40efa8b63514e6257d292112579164c93ee77af55ee919b6e1ada5aea741
SYN-S-00001866,train,01861d0ec9de04eb3c19f1bad089ed6c7cf17719264eb314fe39b4ae85bc71fb
SYN-S-00001867,train,462911db6c178558292f036a6be0bf4434f234bf9756e37470b5bcad09e19662
SYN-S-00001868,train,fd92ba14c1f633b32cb922a1ee50f38b5df993024a29f1de5f2b7c8428973ba3
SYN-S-00001869,train,8b54da8bfd148f6f1bf4712bf72d7a929debbef3dd28f8b3a005b8f79afe7c15
SYN-S-00001870,train,9d226f8263d00384837b160a18509053b32bd445e8fd0c6867f0d126ad367d44
SYN-S-00001871,validation,b3b616fc8de1c8f1f7b1652555f852cccc835f8e45fa6be7ce037cdbeb41c0fd
SYN-S-00001872,train,a857f08c3c7342e46873aa57691973754bf159b45f3582946b9fab6ffccc3bbc
SYN-S-00001873,train,14e17f96018ded2e3ab41c810061d261581b41dcf72f038ab953e773a7879f11
SYN-S-00001874,train,281a2191b2bb81638650b2aa6c05ffde134e52aeb5f5f689a45feb9a058ea19b
SYN-S-00001875,test,212c1c0251e2c003df7fd6f99fe9e2d1417c55512556c44b062f2db45a51bae7
SYN-S-00001876,train,3ea36686a60197fe3ce5647836d7b28bff5501004287bbca3fbb9ba35f953221
SYN-S-00001877,train,fcaee41e4bc17ae6a5f71a9959baee02aefa5caf13eab0907409ebabc27d6db1
SYN-S-00001878,train,8d0e8511fbc1c169ca28f231565982abcb581835ab8caa8e9a47b6ea3a09a77a
SYN-S-00001879,test,89200d97af1ebd97c69e87d1a3a869d77da654a15edb424934c68de2e07b0695
SYN-S-00001880,train,91095b30d43c5bf49615c55880846194ccb4c46e844f31cee7cd4055f3e8742f
SYN-S-00001881,train,89b332c2e6784d6e828ff30ac064e3b9a14130949d1bc54fa401437582add986
SYN-S-00001882,train,6565f47c8c03582e24427167136b19b77d616b19b530eca3325b0eeb8e398a3c
SYN-S-00001883,train,d6e5a0ac3862b24e11e46124bdf1e7f6ef77b2c8fbc037581774e8b3292d9f90
SYN-S-00001884,train,d9c9c1cd387515b6de5cf13a9a90980d391e3d4df9423208d82cfb8942e999bb
SYN-S-00001885,train,73adde269794629cc8604d14f11938ae11bf1e0f7600ed3021710704dc2c2072
SYN-S-00001886,train,5025f1769c232696f42fedfb2af974fd3eebf7e3a1a8aeb0d46b2eeeb2ba2289
SYN-S-00001887,validation,f475dd404079e487713b0e96ef99816f3356832147da13bb0b536e0a477a9bc8
SYN-S-00001888,train,02fa0042f948d2ca9dac6b94c7f682eed6d4bb32200d3492936152af74d586cc
SYN-S-00001889,train,7c0d902c53dde11ca94d7b4975182088bfeb8bfff4631f302a87cc03d2b8988c
SYN-S-00001890,train,1ea7e862d2f465436a936fd11a04932f448604ad150fab49acec9c577242aa00
SYN-S-00001891,train,db0366b39b617f1220eee08341d77d3f412a6a85302acf5391cbc849666fc31b
SYN-S-00001892,train,539ab21dc27d03ca9f43a77fa4a1474b14c64a56e9f85437dad6a31e97a26395
SYN-S-00001893,train,8a4ff1e57defefa4ae5280c28af85e092dcaa3c3510e9ddb51b3caf377dece61
SYN-S-00001894,train,a5dcfe9eab92e8f241fb1633f810af598cbb413f238b574e99ca1f7ab9ea636b
SYN-S-00001895,test,c94a9a8008b13426be12b642145a4a4c540ab7beea35b9152159f3fb2078d126
SYN-S-00001896,train,8a2f6123cce124780df24072957f1deea8986231f8d9b81ed49eddb32aecda30
SYN-S-00001897,train,43a06982f56616565fb97819ebf007027cec2dc403806703f3654cbfdc04e1d6
SYN-S-00001898,test,f483f51d0849456c58a130ed366e0ce0512457982e116b8c07aeca5a9b7c53bb
SYN-S-00001899,test,7f3f7474818c410e7859cf3c291d8b09784193b9b72844ca99f822bfad8b391d
SYN-S-00001900,train,9cdeae1de42b09ad9f9263aa116213cd3d331fd4416437d8f092f1123daf1a86
SYN-S-00001901,train,5905a57d4f4e87bb35dae0edb9ea889e0219f886e57ade245bba0164ff97f08d
SYN-S-00001902,test,5f33590e711a2e2236959c879ede9e99afb14ba3b85eafa80915833c2a81fcd0
SYN-S-00001903,train,753de7a294e0c29f12cda4b2faa2c66dfa0db151d38adbcddc0016cad1c1113b
SYN-S-00001904,validation,5fe91ec04898b8e40fe8d32149d4cd9bcfa6b83e75800933ebbe482c094da85c
SYN-S-00001905,train,0bdb42340670c34fca7e4b9755d729c4a29f27caee0d0aff984a433761b04da0
SYN-S-00001906,test,f9312288a2d23ec92463156a9be9e6eacc513eb0a82773bb24bb3dddcfff57e4
SYN-S-00001907,train,e9b9e9684cb4cc79c257ade3829691267de09301634278d950d99d9c5862b7ab
SYN-S-00001908,train,73c17004163a354c63c2403d6d43651631027c1552ddbe390293645b7adce643
SYN-S-00001909,train,d88d5836dc81a14de55b0017654cbc47b633b9d6ad7b4e8b72caf1b0dbdb468d
SYN-S-00001910,train,b8d660edf0b37787cf520da9b98322a54b6e1d1bff0a740f4d4a637253578dfa
SYN-S-00001911,train,4e266d04b84e9716d697e4456886fdc6fe6088d9253dd8d3f907751b911e72be
SYN-S-00001912,train,aed7eb8d8addb9cdfbf301cc5f6c75db931d6dc9d213786c1a4af30648282d05
SYN-S-00001913,train,3c64fe07a5b6642f2c8231f42b0487c919f88bbbf50c51e46cd547f067bc78ca
SYN-S-00001914,train,fcef8eb5f9415ec132e5412371aab0a43ef80609572f153e31321b9d709d0172
SYN-S-00001915,train,d62af6149264e9f49fb309e9f3aa75fcdc34c8e403961f8e3c204cc9d220dc5b
SYN-S-00001916,train,b56d4e62d200e553d2f5c73b8f424aa6501fdfbde3fa9a3e9be82a51f8917c8b
SYN-S-00001917,validation,d35a5347c4854b0c5b0121b08b7c4d43cc8de2f5d70427f7a4e1c828a70cf03b
SYN-S-00001918,train,9728bd73c6a46f52dcb50508b2c2e571b636311ae960198275db641d4a46da4a
SYN-S-00001919,test,6647d86c7184044203a38d99e9b7f7f4d9b92d6ef35844e3530ce9f8aa2a8699
SYN-S-00001920,train,499df19cd1b07ba04ff3fffdc6bc828c3ec76304e462f541838b74595b59a024
SYN-S-00001921,test,4d1bb6b77407fb3b52bfb5ac48a5f88daee00ba2324937e9e218004e889e3e3a
SYN-S-00001922,validation,8b67b10361da8d4c94008f35bcd5527d075f0176b4db42e247e2bab4e3b3ffce
SYN-S-00001923,train,225c724f6d4c8eb9ee648f3e629e8443d55fa8cd0b28e924d90c272caf122a9d
SYN-S-00001924,test,738534a39ee854f507215b1fbba432a6400c4922204bf8a26441ceb5a3f39466
SYN-S-00001925,test,e2014dd94f98a03b9d8cfb6da81b35f2a80a419f5d1cd28bba9f3cceb571637e
SYN-S-00001926,train,91f59447d3c53d6cade3dd6b864db055bbd9260e5f90891df574b2eed7aebf31
SYN-S-00001927,validation,8b5004098023f68a8dc92e450d0c323308babf5f4abf186eeea4ee0a909156e8
SYN-S-00001928,train,41491171cacc0f96a4c208acfd3e0c2a1af6e38b3d932abbfec4f16a06e34d49
SYN-S-00001929,validation,2be1f718b76bf2a7caa24198b3729d0c3ab1eaa60736c2b0aced36cbca2f133c
SYN-S-00001930,train,9e0734778bdbc460a71ad3b51545eca9919117a7314409f71dcbb562d5786736
SYN-S-00001931,train,471d954ced4331f06ddc238acf85135d4abcb2650e4db6e2c154e61d98df97dd
SYN-S-00001932,validation,251d72db57892ee5e652ce805b750cbd9f4ce996a4c9bec6ec9a46a71dea0cf4
SYN-S-00001933,train,ce976ea44839737bdaf587348e1bc71d8a120a2bd5c3cc112c231fa989625c73
SYN-S-00001934,train,c5cd58ebd5e7d5958d3a3c5bda49b3ce67383f7bd18f3aab6b39aba79b7dc559
SYN-S-00001935,train,4a7a16baf5788e38b0e2d12574122e74e5410f5148dd0324ed8d3262e8f2bd28
SYN-S-00001936,train,9d4ef5468fc9d451234f3bdd366e16cdb43af1588bfe3fab709c79575e4c277d
SYN-S-00001937,train,f60aed20b8f7611a2846b51c42b89632e0d8d9bd6210ae51890487c4860586ee
SYN-S-00001938,test,1da6ee239ef99527799b75699bb33f932e8e906e13c2aaf93787ab7a704afb4a
SYN-S-00001939,validation,9702c69144c66790e78c872beae49ab96a3bf75e4336c04c771e6d71e2539ffd
SYN-S-00001940,train,16d12c23593c245bed5699d32c6a5b8bc82c74a12b9d0abbae634ad0cef91260
SYN-S-00001941,test,21523d7da9b88b116f5bda6164a4bbc9ec2c7bc6faf3c605651eccdd402dd5e7
SYN-S-00001942,validation,1f9e3b262a90d97cd3e7d7411f9bee59aa19162496813ac2e6ad2c1f4c4f8c99
SYN-S-00001943,train,308f43c6a4fb80c0bc83101d4e46db0bc18308f5cf27581da8c90cbaa57fa859
SYN-S-00001944,train,b6ccf6c889d9105b252a62297dade7f6d25d1179eb5ef6ff80821ba339feda93
SYN-S-00001945,validation,ff2e23fd52f1822db88b3fc2c6250925e3f9ad9ae4f3eda1ac60c2d60cc6f533
SYN-S-00001946,train,353509ae0f7f2b4e9219b200c78e5fd78f2c263529ea70abeeadd82c61ec0612
SYN-S-00001947,validation,b73a6b3a7e76f09282da21771ba64efb736592d10b156ac573bc5c49a9ae5b5e
SYN-S-00001948,train,843dce6a24bac920f0459fc6f56a704ee234b954637564974c418f989a26618a
SYN-S-00001949,train,15ccc8d2d946d7715923a04ac71d95893d13e1e77abac968976e36a8b7fc639c
SYN-S-00001950,train,0be54923038d35a872e4bd3da992109d5ec5d029f4a59e6dbfcb5707934b150d
SYN-S-00001951,validation,6e421abb7a3698118e2bcd465b3f5a5c825ef2d0798992a6b95291adbf568cc4
SYN-S-00001952,train,9efa92cb239a62c84d958816bfc820fbe8b6fa033ebddfd4cf0a1b1730456440
SYN-S-00001953,train,fbceae4c930e37a5707efc3f6b0770c66725048e6af0a334e9b649d94d6fbd51
SYN-S-00001954,test,62343ab7796004959a60a9156be89fab6286142bd12fedda25b02080c52333ab
SYN-S-00001955,test,a45b1d41e6df171922b1d9cfd11b9e95ceee23c7b187a82a24691d3b7776efac
SYN-S-00001956,train,65db97341011520055da1a40f9196eb194cee678c2e66b918b9f42551dab7aa8
SYN-S-00001957,train,8e2c15376407af0bece9582f7791ed3c6f8fafeb39a5c9986a3f62c193bc4f25
SYN-S-00001958,train,d99d3780883a08f8e10edc68c80425702e661e0ed02df8050b20d89f2fbca672
SYN-S-00001959,train,687724d616af7f8aac6b1e6a70b36882e7a05f76823b6ba28fedfa8c4f2340af
SYN-S-00001960,validation,10f66d77d7a3f78241cba32a330b8bdcd5a7e5e92c0f0bc9ad2c77107a8bff15
SYN-S-00001961,train,2726ed705b26a53ad66be1502b970bc29a05999f0a6f8575330eefbe54ca1f86
SYN-S-00001962,validation,365ae17d715a24d4317e88b0a79ba0e3815454c87c07c9bffa8a018521594e67
SYN-S-00001963,test,089bd2761ee4f33f10311412eb42475813525291dbc4bf7fa192366cf5e6e7f2
SYN-S-00001964,train,66ad609ffe9e25dfcd5e482abe6a762e2af298c564568c47529a0b5afd929b32
SYN-S-00001965,train,5d1c4b0492ec429830db8568ae2227a3cd309755e1e4a84f539abefd035899ae
SYN-S-00001966,test,da211ab76e8185c89d2971be732ab326d42f7d9036a169a370f4d130f3cad82b
SYN-S-00001967,train,d908e666f69813420dbf7ff24569af6650ac3dba2a2a130310c87cc66bfca8a9
SYN-S-00001968,train,62f1efbbd4cdaf4b4a5d12f1d0f196b41e0b0f8052bc09da6b73121f53617d37
SYN-S-00001969,validation,045802f1ec8ebbcb13881564a16baaced54cb1694843b9284c2a009cfd018424
SYN-S-00001970,train,7c35de9a6c32c25681ca3d7ef0fa9eff376d51bc89d3b18853080a77021e8b5a
SYN-S-00001971,validation,97d79df984ed05a12602a9bb168b5ff06e811b6b6ef7934abf46357d4e27a5d5
SYN-S-00001972,train,085352603696074abd69a56e61bde02c0a0741e4f9ca565862139746a92f2153
SYN-S-00001973,train,45190aad7635d7e28793e615047efa4f8cc2c213f51e9aeec11f43ab0bfcabe7
SYN-S-00001974,test,1f0bc5ab7ac4144110e6be00c9f30151de43cce6ff7fb92aa54c9490d1b66257
SYN-S-00001975,train,3953ec36ea9b104a389c9808b3f9aac60a35591eeda96e861f00a81c2c03d491
SYN-S-00001976,train,1c45a6ecfc2f18355ad3c5aa0cb53efa4d3e660f7a330799f8dd095ee908c671
SYN-S-00001977,train,475f4b59b4ef7d8f962c8795ebe5993b6670e6a26e39a671968145b802d3e1f3
SYN-S-00001978,train,68b55cbde18ee611fa8db3774c9aaca922163568f639b0288de3c8163b2fa2d4
SYN-S-00001979,train,7e22668ce247a028f96ab6a40705ae90dd8aca9cadcffcc6e0f34711b1210fee
SYN-S-00001980,train,a0d346308479de80880728f29f4dded358b7469fbf843d2bb119b435896d7e29
SYN-S-00001981,train,e77513c32ba6ced1e9f5b6efca0c4d5544510033ed83c8d57bc00c27f962c18f
SYN-S-00001982,train,4fe0b4e1382582ce50497016e753550a8d9195f860edf7e2b17896b311de4b61
SYN-S-00001983,train,19dabad3070fd584bb6ae51ebe12e3112a7b2608e0b90641a6aca2eebcb3bc7a
SYN-S-00001984,train,13244c184696cd2e4125d3dbd040a70ba4c7ea20987db16f7af32d162fb3e40b
SYN-S-00001985,test,f4ccb53b5dee67c0a566740def066d344e9848b90fd3481f79628c7b076d9e5a
SYN-S-00001986,train,131b8e26454abfa982f1330470818f958f30c41a82ed550d133f93edc3e231d9
SYN-S-00001987,train,1d580572293b05119188f253eb1a8d2623b32ebdf3a37c9929af763cd1f236d6
SYN-S-00001988,train,03089ae06ad7ea77e32d89cad085aa79088b7ac7d23386f7008b26d516fef298
SYN-S-00001989,train,60e9b3714a7180b7c57dce2509225b67c543e43f40c305eca043e0f81c5f3238
SYN-S-00001990,train,ba9eea38e76770efcb727e476a18f63ebedd5fb8676a3cb80726b417cea55f3d
SYN-S-00001991,train,4d825910af84ac2b8bdda4ba305b099ac7dffe34777411332fb37dcb92e36751
SYN-S-00001992,train,b84c9cb6ec1fa6714437eb3f22bb76bfcc0926b451bcedb32e6c6f7e164ac968
SYN-S-00001993,train,4b98d2a5a6440893bc02c370fdafe601053f364529b7bcb0a649dc57bdad5726
SYN-S-00001994,train,4d8abf353522a456c0d0adaf156f01af2effd9dc6d60201130099df1963d6a7c
SYN-S-00001995,train,acec8a317f879fb21a8ebfedada72327b5831265b4d27a523a9d6c055ec119c0
SYN-S-00001996,train,d751a4d64b44c72f8d24fdd47f7104598300222284d846fa58df6c4b1822f27a
SYN-S-00001997,test,2c0753d9ed99ddc03a719430e45fbf0e1b1b217028ae1f7a6ebd673b260197e2
SYN-S-00001998,train,24625c39da42d1ee1e3afc70d842866051fe506a45e1a54033925941aa7ca7f5
SYN-S-00001999,validation,e0009a91044142c1134befe5ab29f30552070ea287f803deade88e7ea4ddca56
SYN-S-00002000,train,be868726e35b141befcb4072c9d862b28feafe6acab2df427b502cd7b958af28
